Name,Website,Crunchbase URL,Funds Raised,Event,Outcome,Status
2600Hz,2600hz.com,https://www.crunchbase.com/organization/2600hz,,Disrupt SF 2013,Contestant,Operating
3DLT,3dlt.com,https://www.crunchbase.com/organization/3dlt-com,$630K,Disrupt NYC 2013,Contestant,Closed
3DPrinterOS,3dprinteros.com,https://www.crunchbase.com/organization/3dprinteros,,Disrupt SF 2016,Contestant,Operating
3Dprintler,3dprintler.com,https://www.crunchbase.com/organization/3dprintler-labs,$1M,Disrupt NY 2016,Audience choice,Operating
42 Technologies,42technologies.com,https://www.crunchbase.com/organization/42,,Disrupt NYC 2013,Contestant,Operating
5to1,5to1.com,https://www.crunchbase.com/organization/5to1,$19.3M,TC50 2009,Contestant,Acquired
8 Securities,8securities.com,https://www.crunchbase.com/organization/8-securities-limited,$29M,Disrupt Beijing 2011,Finalist,Operating
8020 Media,8020media.com,https://www.crunchbase.com/organization/8020publishing,,TC40 2007,Contestant,Operating
About Last Night,aboutlastnight.net,https://www.crunchbase.com/organization/about-last-night,,Disrupt NYC 2012,Contestant,Operating
Adgregate Markets,adgregate.com,https://www.crunchbase.com/organization/adgregate-markets,,TC50 2008,Contestant,Operating
AdhereTech,adheretech.com,https://www.crunchbase.com/organization/adheretech,$1.8M,Hardware Battlefield 2014,Contestant,Operating
AdRocket,adrocket.com,https://www.crunchbase.com/organization/adrocket,$1M,TC50 2008,Contestant,Closed
Affective Interfaces,affectiveinterfaces.com,https://www.crunchbase.com/organization/affective-interfaces,,TC50 2009,Contestant,Operating
Agrilyst,agrilyst.com,https://www.crunchbase.com/organization/agrilyst-inc,$1M,Disrupt SF 2015,Winner,Operating
Aiden,aiden.ai,https://www.crunchbase.com/organization/aiden-2,$750K,Disrupt London 2016,Contestant,Operating
AirBoxLab,foobot.io,https://www.crunchbase.com/organization/airboxlab,$17.9K,Hardware Battlefield 2014,Contestant,Operating
Aircall,aircall.io,https://www.crunchbase.com/organization/aircall,$11.6M,Disrupt SF 2015,Contestant,Operating
AirDroids,airdroids.com,https://www.crunchbase.com/organization/airdroids,$929.2K,Hardware Battlefield 2014,Contestant,Closed
AirHelp,airhelp.com,https://www.crunchbase.com/organization/airhelp,$12.2M,Disrupt NYC 2014,Contestant,Operating
AirWander,airwander.com,https://www.crunchbase.com/organization/airwander,,Disrupt London 2016,Contestant,Operating
Akoha,akoha.com,https://www.crunchbase.com/organization/akoha,$1.9M,TC50 2008,Contestant,Closed
Alfabetic,alfabetic.com,https://www.crunchbase.com/organization/alfabetic,,TC50 2008,Contestant,Acquired
Alicanto,alicanto.com,https://www.crunchbase.com/organization/alicanto,$4M,Disrupt SF 2012,Contestant,Operating
Allre,allre.com,https://www.crunchbase.com/organization/allre,,Disrupt SF 2014,Contestant,Acquired
Alpha Outlook,alphaoutlook.com,https://www.crunchbase.com/organization/alpha-outlook,,Disrupt Beijing 2011,Contestant,Operating
Altwork,altwork.com,https://www.crunchbase.com/organization/altwork,,Disrupt SF 2016,Audience choice,Operating
Amaryllis Nucleics,amaryllisnucleics.com,https://www.crunchbase.com/organization/amaryllis-nucleics,,Disrupt SF 2016,Contestant,Operating
Amen.,getamen.com,https://www.crunchbase.com/organization/amen-2,$3M,Disrupt SF 2011,Contestant,Acquired
Angstro,angst.ro,https://www.crunchbase.com/organization/angstro,$225K,TC50 2008,Contestant,Acquired
Anquanbao,anquanbao.com,https://www.crunchbase.com/organization/anquanbao,,Disrupt Beijing 2011,Runner up,Acquired
Ansa,ansa.com,https://www.crunchbase.com/organization/ansa,,Disrupt SF 2013,Contestant,Operating
Anyclip,anyclip.com,https://www.crunchbase.com/organization/anyclip,$24M,TC50 2009,Finalist,Operating
App2you,app2you.com,https://www.crunchbase.com/organization/app2you,$746K,TC40 2007,Contestant,Operating
AppArchitect,apparchitect.com,https://www.crunchbase.com/organization/apparchitect,,Disrupt NYC 2013,Contestant,Acquired
Appbistro,appbistro.com,https://www.crunchbase.com/organization/appbistro,$600K,Disrupt NYC 2010,Contestant,Closed
AppChina,appchina.com,https://www.crunchbase.com/organization/appchina,$7.1M,Disrupt Beijing 2011,Contestant,Operating
Arctuition,arcsiteapp.com,https://www.crunchbase.com/organization/arctuition,,Disrupt NY 2015,Contestant,Operating
Ark,ark.com,https://www.crunchbase.com/organization/ark,$4.5M,Disrupt NYC 2012,Finalist,Operating
Arrived,GetArrived.com,https://www.crunchbase.com/organization/arrived,,Disrupt NYC 2011,Contestant,Operating
Artomatix,artomatix.com,https://www.crunchbase.com/organization/automatix,,Disrupt SF 2015,Contestant,Operating
Artsy,artsy.net,https://www.crunchbase.com/organization/art-sy,$50.9M,Disrupt NYC 2010,Contestant,Operating
"Artveoli, Inc.",artveoli.com,https://www.crunchbase.com/organization/artveoli-inc,,Disrupt NY 2016,Contestant,Operating
asap54.com,asap54.com,https://www.crunchbase.com/organization/asap54-com,$8.3M,Disrupt EU 2013,Runner up,Operating
Athla,athla.com,https://www.crunchbase.com/organization/athla-llc,,Disrupt SF 2014,Contestant,Operating
Atlas Wearables,atlaswearables.com,https://www.crunchbase.com/organization/atlas,$4M,Hardware Battlefield 2014,Finalist,Operating
Audioo,audioo.com,https://www.crunchbase.com/organization/audioo-com,,Disrupt NYC 2010,Contestant,Acquired
Ava,avawomen.com,https://www.crunchbase.com/organization/ava-3,$12.3M,Disrupt SF 2015,Contestant,Operating
Avado,avado.com,https://www.crunchbase.com/organization/avado,$1M,Disrupt NYC 2011,Contestant,Acquired
Babelverse,babelverse.com,https://www.crunchbase.com/organization/babelverse,$190K,Disrupt NYC 2012,Audience choice,Closed
Badgeville,badgeville.com,https://www.crunchbase.com/organization/badgeville,$40M,Disrupt SF 2010,Finalist,Acquired
Bark Technologies,bark.us,https://www.crunchbase.com/organization/bark-technologies,,Disrupt NY 2016,Finalist,Operating
Beam,beam.pro,https://www.crunchbase.com/organization/beam-10,$520K,Disrupt NY 2016,Winner,Acquired
Beartooth,beartooth.com,https://www.crunchbase.com/organization/beartooth-radio-inc,$2.9M,Disrupt SF 2014,Contestant,Operating
Beestar,beestar.eu,https://www.crunchbase.com/organization/beestar,$320K,Disrupt SF 2013,Contestant,Operating
BeFunky,befunky.com,https://www.crunchbase.com/organization/befunky,$1.7M,TC40 2007,Contestant,Operating
Behold.ai,behold.ai,https://www.crunchbase.com/organization/behold-ai,$20K,Disrupt NY 2016,Contestant,Operating
Betterment,betterment.com,https://www.crunchbase.com/organization/betterment,$205M,Disrupt NYC 2010,Finalist,Operating
Bidzy,bidzy.com,https://www.crunchbase.com/organization/bidzy,,Disrupt NYC 2013,Contestant,Closed
BillGuard,billguard.com,https://www.crunchbase.com/organization/billguard,$16.5M,Disrupt NYC 2011,Runner up,Acquired
BioBots,biobots.io,https://www.crunchbase.com/organization/biobots,$2.8M,Disrupt NY 2015,Finalist,Operating
Birch,birchfinance.com,https://www.crunchbase.com/organization/birch,$125K,Disrupt NY 2016,Contestant,Operating
Birdpost,birdpost.com,https://www.crunchbase.com/organization/birdpost,$350K,TC50 2008,Contestant,Operating
Bitcasa,bitcasa.com,https://www.crunchbase.com/organization/bitcasa,$20.8M,Disrupt SF 2011,Finalist,Closed
Bitcovery,bitcovery.com,https://www.crunchbase.com/organization/bitcovery,$675K,Disrupt SF 2013,Contestant,Operating
BitFusion.io,bitfusion.io,https://www.crunchbase.com/organization/bitfusion-io,$6.5M,Disrupt NY 2015,Finalist,Operating
Blaze,blaze.cc,https://www.crunchbase.com/organization/blaze-2,$2M,Hardware Battlefield 2014,Finalist,Operating
BlazingDB,blazingdb.com,https://www.crunchbase.com/organization/blazing-db,$118K,Disrupt SF 2016,Finalist,Operating
BLITAB Technology,blitab.com,https://www.crunchbase.com/organization/blitab-technology,,-,Contestant,Operating
Bloomlife,bloomlife.com,https://www.crunchbase.com/organization/bloom-technologies,$4M,-,Runner up,Operating
Bojam,bojam.com,https://www.crunchbase.com/organization/bojam,,TC50 2008,Contestant,Closed
Boomerang Commerce,boomerangcommerce.com,https://www.crunchbase.com/organization/boomerang-commerce,$20.5M,Disrupt NYC 2014,Finalist,Operating
Botify,botify.com,https://www.crunchbase.com/organization/botify,$7.2M,Disrupt NY 2016,Contestant,Operating
BRANDiD - Shop. Like a Man.,brandid.com,https://www.crunchbase.com/organization/brandid,$2.3M,Disrupt SF 2013,Contestant,Operating
Branto Inc.,branto.co,https://www.crunchbase.com/organization/branto-inc,$212K,Hardware Battlefield 2015,Contestant,Operating
Bravo Tip or Pay,trybravo.com,https://www.crunchbase.com/organization/bravo,,Disrupt SF 2015,Audience choice,Operating
Breakthrough Partners,breakthroughpartners.org,https://www.crunchbase.com/organization/breakthrough-partners,,TC50 2009,Contestant,Operating
Breezeworks,breezeworks.com,https://www.crunchbase.com/organization/breezeworks,$7M,Disrupt SF 2013,Contestant,Operating
Breinify,breinify.com,https://www.crunchbase.com/organization/breinify,,Disrupt SF 2016,Contestant,Operating
BrightContext,brightcontext.com,https://www.crunchbase.com/organization/brightcontext,,Disrupt SF 2012,Contestant,Acquired
BroadClip,broadclip.com,https://www.crunchbase.com/organization/broadclip,$8.1M,TC40 2007,Contestant,Closed
BroadPeak Partners,broadpeakpartners.com,https://www.crunchbase.com/organization/broadpeak-partners,,Disrupt NYC 2012,Contestant,Operating
Burt,burtcorp.com,https://www.crunchbase.com/organization/burt,$8.5M,TC50 2008,Contestant,Operating
Buyosphere,buyosphere.com,https://www.crunchbase.com/organization/buyosphere,$325K,Disrupt SF 2010,Contestant,Closed
Buyou,buyouapp.com,https://www.crunchbase.com/organization/buyou,$20K,Disrupt NYC 2012,Audience choice,Operating
Cake Financial,cakefinancial.com,https://www.crunchbase.com/organization/cakefinancial,,TC40 2007,Contestant,Acquired
Cake Health,cakehealth.com,https://www.crunchbase.com/organization/cake-health,$150K,Disrupt SF 2011,Finalist,Acquired
CallApp,callapp.com,https://www.crunchbase.com/organization/callapp-software,$5M,Disrupt NYC 2012,Contestant,Operating
"Calliope Waterworks, Inc.",calliopewater.com,https://www.crunchbase.com/organization/calliope-waterworks-inc,$60K,Hardware Battlefield 2016,Contestant,Operating
Carbon Health,carbonhealth.com,https://www.crunchbase.com/organization/carbon-health,$8.8M,Disrupt SF 2016,Finalist,Operating
Carbon Robotics,carbon.ai,https://www.crunchbase.com/organization/katia,$120K,Hardware Battlefield 2016,Finalist,Operating
CardFlick,cardflick.co,https://www.crunchbase.com/organization/cardflick,,Disrupt SF 2011,Audience choice,Closed
Cardify,cardify.me,https://www.crunchbase.com/organization/cardify,,Disrupt NYC 2012,Contestant,Operating
Careticker,careticker.com,https://www.crunchbase.com/organization/careticker,,Disrupt SF 2012,Contestant,Operating
CareZapp,carezapp.com,https://www.crunchbase.com/organization/carezapp,,Disrupt EU 2014,Contestant,Operating
"Caruma Technologies, Inc.",caruma.tech,https://www.crunchbase.com/organization/caruma-technologies-inc,$2M,Disrupt London 2015,Contestant,Operating
Case,choosecase.com,https://www.crunchbase.com/organization/casewallet,$2.3M,Disrupt NY 2015,Contestant,Operating
CastTV,casttv.com,https://www.crunchbase.com/organization/casttv,$3.1M,TC40 2007,Contestant,Acquired
CatchFree,catchfree.com,https://www.crunchbase.com/organization/catchfree,$5.5M,Disrupt NYC 2011,Contestant,Closed
Causecast,causecast.com,https://www.crunchbase.com/organization/causecast,,TC50 2008,Contestant,Operating
Ceedo Technologies,ceedo.com,https://www.crunchbase.com/organization/ceedo-technologies,$4.5M,TC40 2007,Contestant,Operating
CENTURY Tech,century-techinc.com,https://www.crunchbase.com/organization/century-tech-2,$2.2M,Disrupt London 2016,Contestant,Operating
ChompOn,chompon.com,https://www.crunchbase.com/organization/chompon,,Disrupt NYC 2010,Contestant,Operating
Chronos Mobile Technologies,chronosmobiletechnologies.com,https://www.crunchbase.com/organization/chronos-mobile-technologies,,Disrupt SF 2012,Contestant,Acquired
Churn Labs,churnlabs.com,https://www.crunchbase.com/organization/churn-labs,,Disrupt NYC 2011,Contestant,Closed
Chyngle,chyngle.com,https://www.crunchbase.com/organization/chyngle,,TC50 2009,Audience choice,Closed
Cinder,cindercooks.com,https://www.crunchbase.com/organization/palate-home,$496K,Disrupt SF 2014,Contestant,Operating
CitySourced,citysourced.com,https://www.crunchbase.com/organization/citysourced,$1.4M,TC50 2009,Finalist,Operating
CLASEMOVIL,clasemovil.com,https://www.crunchbase.com/organization/clasemovil,$350K,TC50 2009,Contestant,Closed
Clickable,clickable.com,https://www.crunchbase.com/organization/clickable,$32.5M,TC40 2007,Finalist,Acquired
Clicker,clicker.com,https://www.crunchbase.com/organization/clicker,$19M,TC50 2009,Contestant,Acquired
ClientShow,clientshow.com,https://www.crunchbase.com/organization/clientshow,$750K,TC50 2009,Contestant,Closed
Clixtr,focallabs.com,https://www.crunchbase.com/organization/clixtr,,TC50 2009,Contestant,Operating
Closet Couture,closetcouture.com,https://www.crunchbase.com/organization/closet-couture,$475K,TC50 2008,Contestant,Closed
Cloudflare,cloudflare.com,https://www.crunchbase.com/organization/cloudflare,$182.1M,Disrupt SF 2010,Runner up,Operating
"Cloudwear, Inc.",cloudwear.com,https://www.crunchbase.com/organization/cloudwear,,Disrupt NY 2015,Finalist,Operating
Cocodot,cocodot.com,https://www.crunchbase.com/organization/cocodot,$6.7M,TC50 2009,Contestant,Closed
Codeanywhere,codeanywhere.net,https://www.crunchbase.com/organization/codeanywhere,$848K,Disrupt NYC 2014,Audience choice,Operating
CodeGuard,codeguard.com,https://www.crunchbase.com/organization/codeguard,$2M,Disrupt NYC 2011,Audience choice,Operating
Cognitive Code,cognitivecode.com,https://www.crunchbase.com/organization/cognitivecode,$1.3M,TC40 2007,Contestant,Operating
Cohero Health,coherohealth.com,https://www.crunchbase.com/organization/coherohealth,$2M,Disrupt SF 2015,Contestant,Operating
Compass Labs,compasslabs.com,https://www.crunchbase.com/organization/compass-labs,$12M,Disrupt NYC 2010,Contestant,Closed
Connective Logic,connectivelogic.co.uk,https://www.crunchbase.com/organization/connective-logic,,TC50 2008,Contestant,Operating
ContainerShip,containership.io,https://www.crunchbase.com/organization/containership,$2.6M,Disrupt NY 2015,Contestant,Operating
CoroNet,coro.net,https://www.crunchbase.com/organization/coronet,,Disrupt NY 2015,Contestant,Operating
CosmEthics,cosmethics.com,https://www.crunchbase.com/organization/cosmethics,$411.5K,Disrupt EU 2014,Contestant,Operating
Cosmic,cosmiccart.com,https://www.crunchbase.com/organization/cosmic-cart,,Disrupt NYC 2014,Contestant,Acquired
CPUsage,cpusage.com,https://www.crunchbase.com/organization/cpusage,$925K,Disrupt SF 2013,Contestant,Closed
Crate.io,crate.io,https://www.crunchbase.com/organization/crate-technology,$8.1M,Disrupt EU 2014,Winner,Operating
Credit Sesame,creditsesame.com,https://www.crunchbase.com/organization/credit-sesame,$35.4M,Disrupt SF 2010,Contestant,Operating
Crowd Fusion,crowdfusion.com,https://www.crunchbase.com/organization/crowd-fusion,$3M,TC50 2009,Contestant,Operating
CrowdFlower Inc.,crowdflower.com,https://www.crunchbase.com/organization/crowdflower,$38M,TC50 2009,Contestant,Operating
CrowdSpirit,crowdspirit.com,https://www.crunchbase.com/organization/crowdspirit,,TC40 2007,Contestant,Closed
Cubic Telecom,cubictelecom.com,https://www.crunchbase.com/organization/cubictelecom,$37.1M,TC40 2007,Contestant,Operating
CUJO,getcujo.com,https://www.crunchbase.com/organization/cujo,,Disrupt NY 2016,Contestant,Operating
Curiator,curiator.com,https://www.crunchbase.com/organization/curiator,,Disrupt SF 2013,Contestant,Acquired
Current Labs,currentlabs.io,https://www.crunchbase.com/organization/current-labs,,Hardware Battlefield 2015,Contestant,Operating
Cyfeon Solutions,cyfeon.com,https://www.crunchbase.com/organization/cyfeon-solutions,,Disrupt NYC 2012,Contestant,Operating
DataFox,datafox.com,https://www.crunchbase.com/organization/datafox,$6.8M,Disrupt SF 2014,Contestant,Operating
DataSift,datasift.com,https://www.crunchbase.com/organization/datasift,$72M,Disrupt SF 2010,Finalist,Operating
DataXu,dataxu.com,https://www.crunchbase.com/organization/dataxu,$64M,TC50 2009,Contestant,Operating
Deja,deja.com,https://www.crunchbase.com/organization/deja,$12.5M,Disrupt NYC 2011,Contestant,Acquired
Desmos,desmos.com,https://www.crunchbase.com/organization/desmos,$900K,Disrupt NYC 2011,Contestant,Operating
Devunity,devunity.com,https://www.crunchbase.com/organization/devunity,$100K,TC50 2008,Contestant,Operating
DigitalGenius,digitalgenius.com,https://www.crunchbase.com/organization/digital-genius-artificial-intelligence,$7.3M,Disrupt NY 2015,Runner up,Operating
Discovr Labs,discovrlearning.com,https://www.crunchbase.com/organization/discovr-labs,$100K,Disrupt SF 2015,Contestant,Operating
Disease Diagnostic Group,diseasediagnostic.com,https://www.crunchbase.com/organization/disease-diagnostic-group,$1.3M,Disrupt EU 2014,Runner up,Operating
Dispatch,dispatch.com,https://www.crunchbase.com/organization/dispatch,$983K,Disrupt SF 2012,Contestant,Acquired
DocSend,docsend.com,https://www.crunchbase.com/organization/docsend,$9.7M,Disrupt NYC 2014,Contestant,Operating
Docstoc,docstoc.com,https://www.crunchbase.com/organization/docstoc,$4M,TC40 2007,Contestant,Closed
Docurated,docurated.com,https://www.crunchbase.com/organization/docurated,$5.4M,Disrupt NYC 2013,Contestant,Operating
Donay,donay.com,https://www.crunchbase.com/organization/donay,$160K,Disrupt NYC 2013,Contestant,Closed
Donde,donde.io,https://www.crunchbase.com/organization/donde-2,,Disrupt SF 2014,Audience choice,Operating
DotSpots,dotspots.com,https://www.crunchbase.com/organization/dotspots,$300K,TC50 2008,Contestant,Closed
"Driblet Labs, LLC",driblet.io,https://www.crunchbase.com/organization/driblet,$20K,Hardware Battlefield 2014,Contestant,Operating
Dropbox,dropbox.com,https://www.crunchbase.com/organization/dropbox,$1.7B,TC50 2008,Contestant,Operating
Dryft,dryft.com,https://www.crunchbase.com/organization/dryft,,Disrupt SF 2013,Finalist,Acquired
Dynosense,dynosense.com,https://www.crunchbase.com/organization/dynosense,$10.1M,Disrupt SF 2014,Contestant,Operating
EasyPaint,easypaint.com,https://www.crunchbase.com/organization/easypaint,$485K,Disrupt SF 2015,Contestant,Operating
EatWith,eatwith.com,https://www.crunchbase.com/organization/eatwith,$8M,Disrupt NYC 2013,Contestant,Operating
Edyn,edyn.com,https://www.crunchbase.com/organization/edyn,$3M,Disrupt SF 2013,Finalist,Operating
eGood,egood.com,https://www.crunchbase.com/organization/egood,$3M,Disrupt SF 2013,Audience choice,Operating
Elemental Path,elementalpath.com,https://www.crunchbase.com/organization/elemental-path,$4.3M,Hardware Battlefield 2016,Contestant,Operating
Emburse,emburse.com,https://www.crunchbase.com/organization/emburse,$120K,Disrupt SF 2015,Contestant,Operating
Emerginvest,emergevest.com,https://www.crunchbase.com/organization/emerginvest,,TC50 2008,Contestant,Closed
Emotech LTD,emotech.co,https://www.crunchbase.com/organization/emotech-ltd,$10M,Disrupt London 2015,Contestant,Operating
EnergyElephant,energyelephant.com,https://www.crunchbase.com/organization/energy-elephant,,Disrupt London 2015,Contestant,Operating
Enigma,enigma.io,https://www.crunchbase.com/organization/enigma-technologies,$34.6M,Disrupt NYC 2013,Winner,Operating
Evercam,evercam.io,https://www.crunchbase.com/organization/evercam,$1M,Disrupt NYC 2014,Contestant,Operating
Evergage,evergage.com,https://www.crunchbase.com/organization/evergage,$16.3M,Disrupt NYC 2012,Finalist,Operating
EverlyWell,everlywell.com,https://www.crunchbase.com/organization/everlywell,$5M,Disrupt SF 2016,Finalist,Operating
Everpix,everpix.com,https://www.crunchbase.com/organization/everpix,$2.4M,Disrupt SF 2011,Contestant,Closed
EveryLayer,everylayer.com,https://www.crunchbase.com/organization/everylayer,$650K,Disrupt NY 2015,Contestant,Operating
EverythingMe,everything.me,https://www.crunchbase.com/organization/everythingme,$35.5M,Disrupt NYC 2011,Contestant,Closed
exchangeP,exchangep.com,https://www.crunchbase.com/organization/exchangep,,TC50 2008,Contestant,Closed
Expect Labs,mindmeld.com,https://www.crunchbase.com/organization/expect-labs,$15.4M,Disrupt SF 2012,Finalist,Operating
Extreme Reality,xtr3d.com,https://www.crunchbase.com/organization/extremereality,$18.2M,TC40 2007,Contestant,Operating
Exversion,exversion.com,https://www.crunchbase.com/organization/exversion,,Disrupt EU 2013,Contestant,Operating
FairFleet,fairfleet360.com,https://www.crunchbase.com/organization/fairfleet,,Disrupt London 2015,Contestant,Operating
FairSoftware,fairsoftware.com,https://www.crunchbase.com/organization/fairsoftware,$100K,TC50 2008,Contestant,Closed
Famo.us,famo.us,https://www.crunchbase.com/organization/famo-us,$30.1M,Disrupt SF 2012,Contestant,Operating
Farmigo,farmigo.com,https://www.crunchbase.com/organization/farmigo,$26M,Disrupt SF 2011,Finalist,Operating
FAROO,faroo.com,https://www.crunchbase.com/organization/faroo,,TC40 2007,Contestant,Operating
Feed.fm,feed.fm,https://www.crunchbase.com/organization/feed-media,$1.2M,Disrupt SF 2013,Contestant,Operating
Fetch,buywithfetch.com,https://www.crunchbase.com/organization/buy-with-fetch,$2.3M,Disrupt NYC 2014,Contestant,Closed
Fidesmo,fidesmo.com,https://www.crunchbase.com/organization/fidesmo,$790.6K,Disrupt NYC 2014,Contestant,Operating
Filter.ly,filter.ly,https://www.crunchbase.com/organization/filter-ly,,Disrupt SF 2015,Contestant,Operating
FishingBooker,fishingbooker.com,https://www.crunchbase.com/organization/fishingbooker,$60K,Disrupt SF 2014,Audience choice,Operating
Fit Analytics,fitanalytics.com,https://www.crunchbase.com/organization/upcload,,Disrupt Beijing 2011,Contestant,Operating
Fitbit,fitbit.com,https://www.crunchbase.com/organization/fitbit,$66M,TC50 2008,Finalist,Ipo
FITIQUETTE,fitiquette.com,https://www.crunchbase.com/organization/fitiquette,,Disrupt SF 2012,Contestant,Acquired
Fleet,tryfleet.com,https://www.crunchbase.com/organization/shipstr,$6.5M,Disrupt SF 2014,Runner up,Operating
Flock,flock.com,https://www.crunchbase.com/organization/flock,$28.3M,TC40 2007,Contestant,Acquired
Floored,floored.com,https://www.crunchbase.com/organization/floored,$6.4M,Disrupt NYC 2013,Finalist,Acquired
FlowPlay,flowplay.com,https://www.crunchbase.com/organization/flowplay,$8.2M,TC40 2007,Contestant,Operating
Fluid HTML,fluidhtml.com,https://www.crunchbase.com/organization/fluidhtml,,TC50 2009,Contestant,Closed
Fluidinfo,fluidinfo.com,https://www.crunchbase.com/organization/fluidinfo,$1.7M,Disrupt NYC 2010,Contestant,Operating
Fog Creek Software,fogcreek.com,https://www.crunchbase.com/organization/fog-creek-software,,Disrupt SF 2011,Contestant,Operating
Fogo Digital,fogo.io,https://www.crunchbase.com/organization/fogo-digital-inc,,Hardware Battlefield 2015,Finalist,Operating
FoodStantly,foodstantly.com,https://www.crunchbase.com/organization/food-stantly,$5K,Disrupt London 2016,Contestant,Operating
Footnote,footnote.com,https://www.crunchbase.com/organization/footnote,$10M,TC50 2008,Contestant,Operating
Force Impact Technologies,fitguard.me,https://www.crunchbase.com/organization/force-impact-technologies,$310.5K,Hardware Battlefield 2016,Contestant,Operating
Foretuit,foretuit.com,https://www.crunchbase.com/organization/foretuit,,Disrupt NYC 2011,Contestant,Operating
Fotonauts,fotopedia.com,https://www.crunchbase.com/organization/fotonauts-2,,TC50 2008,Contestant,Operating
FOVE,getfove.com,https://www.crunchbase.com/organization/fove,$11.3M,Disrupt SF 2014,Contestant,Operating
FUSAR,fusar.com,https://www.crunchbase.com/organization/fusar-technologies-inc,$3.8M,Hardware Battlefield 2016,Contestant,Operating
GameCrush,gamecrush.com,https://www.crunchbase.com/organization/gamecrush,$700K,Disrupt SF 2010,Finalist,Closed
GazoPa,gazopa.com,https://www.crunchbase.com/organization/gazopa,,TC50 2008,Contestant,Closed
Gem,gem.co,https://www.crunchbase.com/organization/bitvault,$12.5M,Disrupt SF 2014,Contestant,Operating
Geotoko,geotoko.com,https://www.crunchbase.com/organization/geotoko,,Disrupt NYC 2010,Contestant,Acquired
Getaround,getaround.com,https://www.crunchbase.com/organization/getaround,$103M,Disrupt NYC 2011,Winner,Operating
Gifi,gifi.fr,https://www.crunchbase.com/organization/gifi,$1.2M,Disrupt SF 2010,Contestant,Closed
Giftbit,giftbit.com,https://www.crunchbase.com/organization/giftbit,$1.9M,Disrupt SF 2016,Contestant,Operating
giftgaming,giftgaming.com,https://www.crunchbase.com/organization/giftgaming,$334.6K,Disrupt EU 2014,Contestant,Operating
Gild,gild.com,https://www.crunchbase.com/organization/gild,$25.9M,Disrupt SF 2010,Contestant,Acquired
Glance Clock,glanceclock.com,https://www.crunchbase.com/organization/glance-clock,$755.9K,Hardware Battlefield 2016,Contestant,Operating
Glide,glide.me,https://www.crunchbase.com/organization/glide,$36.5M,Disrupt NYC 2013,Audience choice,Operating
Glide Health,glidehealth.us,https://www.crunchbase.com/organization/glide-health,$1M,TC50 2009,Contestant,Closed
Glider,glider.com,https://www.crunchbase.com/organization/glider,$1.4M,Disrupt NYC 2013,Contestant,Acquired
GoInstant,goinstant.com,https://www.crunchbase.com/organization/goinstant,$1.7M,Disrupt SF 2011,Contestant,Acquired
GoodGuide,goodguide.com,https://www.crunchbase.com/organization/goodguide,$14.2M,TC50 2008,Finalist,Acquired
GoPlanit,goplanit.com,https://www.crunchbase.com/organization/goplanit,$500K,TC50 2008,Contestant,Operating
GotStatus,gotstat.us,https://www.crunchbase.com/organization/gotstatus,,TC40 2007,Contestant,Closed
GradFly,gradfly.co,https://www.crunchbase.com/organization/gradfly,$191.5K,Disrupt NYC 2013,Contestant,Closed
Green Bits,greenbits.com,https://www.crunchbase.com/organization/green-bits,,Disrupt SF 2015,Runner up,Operating
Gripe,gri.pe,https://www.crunchbase.com/organization/gripe,,Disrupt SF 2010,Contestant,Closed
Grockit,grockit.com,https://www.crunchbase.com/organization/grockit,$44.7M,TC50 2008,Finalist,Acquired
Grow the Planet,growtheplanet.com,https://www.crunchbase.com/organization/grow-the-planet,$566.1K,Disrupt SF 2011,Contestant,Operating
gulu.com,gulu.com,https://www.crunchbase.com/organization/gulu-com,$300K,Disrupt Beijing 2011,Contestant,Closed
GunZoo.com,gunzoo.com,https://www.crunchbase.com/organization/gunzoo-com,,Disrupt SF 2010,Contestant,Operating
Gyft,gyft.com,https://www.crunchbase.com/organization/gyft,$6.3M,Disrupt SF 2012,Finalist,Acquired
H2L,h2l.com,https://www.crunchbase.com/organization/h2l,,Disrupt SF 2015,Contestant,Operating
HackerRank,hackerrank.com,https://www.crunchbase.com/organization/hackerrank,$24.2M,Disrupt SF 2012,Contestant,Operating
Halo Neuroscience,haloneuro.com,https://www.crunchbase.com/organization/halo-neuroscience,$10.7M,Disrupt NY 2016,Contestant,Operating
Hammer & Chisel,discordapp.com,https://www.crunchbase.com/organization/hammer-and-chisel,,Disrupt SF 2013,Finalist,Operating
Hamwells,hamwells.com,https://www.crunchbase.com/organization/hamwells,$1.3M,Disrupt London 2015,Contestant,Operating
Handle,handle.com,https://www.crunchbase.com/organization/handle,$22M,Disrupt NYC 2013,Runner up,Operating
Hangout Industries,hangout.net,https://www.crunchbase.com/organization/hangout-industries,$12M,TC50 2008,Contestant,Operating
Happy Toy Machine,happytoymachine.com,https://www.crunchbase.com/organization/happy-toy-machine,,Disrupt NYC 2011,Audience choice,Operating
Hark,hark.com,https://www.crunchbase.com/organization/hark,$5M,TC50 2009,Contestant,Operating
Health2Sync,health2sync.com,https://www.crunchbase.com/organization/h2-inc,$4.5M,Hardware Battlefield 2014,Contestant,Operating
HealthCrew,healthcrew.me,https://www.crunchbase.com/organization/healthcrew,,Disrupt NYC 2014,Contestant,Operating
HealthyOut,healthyout.com,https://www.crunchbase.com/organization/healthyout,$1.2M,Disrupt NYC 2013,Finalist,Acquired
HealthyWage,healthywage.com,https://www.crunchbase.com/organization/healthywage,,TC50 2009,Contestant,Operating
Heatworks Technology,myheatworks.com,https://www.crunchbase.com/organization/isi-technology,$7.2M,Disrupt NYC 2014,Runner up,Operating
Hello Alfred,helloalfred.com,https://www.crunchbase.com/organization/alfred,$12.5M,Disrupt SF 2014,Winner,Operating
High Mobility,high-mobility.com,https://www.crunchbase.com/organization/high-mobility,$1.1M,Disrupt EU 2013,Contestant,Operating
Hmmm,hmmmapp.com,https://www.crunchbase.com/organization/hmmm,,Disrupt NYC 2012,Contestant,Operating
HomeMe,homemeapp.com,https://www.crunchbase.com/organization/homeme-inc,$3.2M,Disrupt NY 2016,Contestant,Operating
HouseFix,housefix.com,https://www.crunchbase.com/organization/housefix,$150K,Disrupt SF 2011,Contestant,Closed
HowFactory,howfactory.com,https://www.crunchbase.com/organization/howfactory,$195K,Disrupt NY 2015,Contestant,Operating
hownow,learnhownow.com,https://www.crunchbase.com/organization/hownow,,Disrupt NYC 2012,Contestant,Closed
Humon,humon.io,https://www.crunchbase.com/organization/humon,$1M,Disrupt SF 2015,Contestant,Operating
HuoHua Mobile,huohua.co,https://www.crunchbase.com/organization/huohua-mobile,,Disrupt Beijing 2011,Contestant,Closed
IAMNEWS,iamnews.com,https://www.crunchbase.com/organization/iamnews,,TC50 2008,Audience choice,Closed
iCharts,icharts.net,https://www.crunchbase.com/organization/icharts,$16.3M,TC50 2008,Contestant,Operating
Idle Gaming,idle-gaming.com,https://www.crunchbase.com/organization/idle-gaming,$14.1M,Disrupt SF 2011,Contestant,Operating
Imindi,imindi.com,https://www.crunchbase.com/organization/imindi,$500K,TC50 2008,Contestant,Closed
IMO,,https://www.crunchbase.com/organization/imo-2,,TC50 2009,Contestant,Operating
import.io,import.io,https://www.crunchbase.com/organization/importio,$18.2M,Disrupt EU 2013,Finalist,Operating
ImpulseSave,impulsesave.com,https://www.crunchbase.com/organization/impulsesave,$50K,Disrupt SF 2012,Contestant,Acquired
Incident Technologies,incidentgtar.com,https://www.crunchbase.com/organization/incident-technologies,$745K,Disrupt NYC 2012,Runner up,Operating
inMarket,inmarket.com,https://www.crunchbase.com/organization/checkpoints,$2M,Disrupt SF 2010,Contestant,Operating
INRFOOD,inrfood.com,https://www.crunchbase.com/organization/inrfood,$457K,Disrupt SF 2012,Contestant,Operating
Insensi,ily.co,https://www.crunchbase.com/organization/insensi,$3M,Hardware Battlefield 2016,Contestant,Acquired
InsideDNA,insidedna.me,https://www.crunchbase.com/organization/insidedna-ltd,,Disrupt London 2016,Runner up,Operating
InsideMaps,insidemaps.com,https://www.crunchbase.com/organization/insidemaps,,Disrupt SF 2013,Contestant,Operating
Instant API Inc.,instantapi.com,https://www.crunchbase.com/organization/instant-api,$355K,Disrupt EU 2014,Contestant,Operating
Insttant,insttant.com,https://www.crunchbase.com/organization/insttant,,TC50 2009,Contestant,Operating
Integreight,integreight.com,https://www.crunchbase.com/organization/integreight,,Disrupt EU 2013,Audience choice,Operating
Intelligent Flying Machines,ifm-tech.com,https://www.crunchbase.com/organization/ifm-technologies-llc,,Disrupt SF 2016,Contestant,Operating
InvoiceASAP,invoiceasap.com,https://www.crunchbase.com/organization/invoiceasap,$696.3K,Disrupt NYC 2011,Audience choice,Operating
Ionic Security,ionicsecurity.com,https://www.crunchbase.com/organization/ionic-security,$122.4M,Disrupt SF 2012,Contestant,Operating
Iris AI,iris.ai,https://www.crunchbase.com/organization/iris-ai,$421.6K,Disrupt London 2016,Contestant,Operating
IsItYou,isityou.biz,https://www.crunchbase.com/organization/isityou,$1M,Disrupt SF 2014,Contestant,Operating
iThryv,ithryv.com,https://www.crunchbase.com/organization/ithryv,,TC50 2008,Contestant,Operating
iTwin,itwin.com,https://www.crunchbase.com/organization/itwin,$1.3M,TC50 2009,Contestant,Acquired
IZEA,izea.com,https://www.crunchbase.com/organization/izea,$34.9M,Disrupt NYC 2010,Contestant,Ipo
Japet Medical Devices,japet.eu,https://www.crunchbase.com/organization/japet-medical-devices,,-,Contestant,Operating
Jewelbots,jewelbots.com,https://www.crunchbase.com/organization/jewel-bots,$1.2M,Hardware Battlefield 2016,Contestant,Operating
Jiff,jiff.com,https://www.crunchbase.com/organization/jiff,$67.8M,Disrupt SF 2011,Contestant,Acquired
Jukedeck,jukedeck.com,https://www.crunchbase.com/organization/jukedeck,$3.8M,Disrupt London 2015,Winner,Operating
JumpCloud,jumpcloud.com,https://www.crunchbase.com/organization/jumpcloud,$11.7M,Disrupt SF 2013,Contestant,Operating
Kaltura,kaltura.com,https://www.crunchbase.com/organization/kaltura,$166.1M,TC40 2007,Audience choice,Operating
Karizma,karizma.im,https://www.crunchbase.com/organization/karizma,,Disrupt NYC 2011,Contestant,Closed
Katalyst Network,katalystng.com,https://www.crunchbase.com/organization/katalyst-media,$10M,TC50 2008,Contestant,Closed
Keen Home,keenhome.io,https://www.crunchbase.com/organization/keen-home,$1.6M,Disrupt NYC 2013,Contestant,Operating
keenkong,,https://www.crunchbase.com/organization/keenkong,,Disrupt NYC 2010,Contestant,Operating
Kerpoof,kerpoof.com,https://www.crunchbase.com/organization/kerpoof,,TC40 2007,Contestant,Acquired
Kinobi,kinobi.co,https://www.crunchbase.com/organization/kinobi,,Disrupt SF 2012,Contestant,Closed
Kisi,getkisi.com,https://www.crunchbase.com/organization/kisi,$1.6M,Disrupt NYC 2013,Contestant,Operating
KIWI,kiwi.ki,https://www.crunchbase.com/organization/kiwi-ki,$4.4M,Disrupt EU 2013,Contestant,Operating
Kloudless,kloudless.com,https://www.crunchbase.com/organization/kloudless,$1.3M,Disrupt NYC 2013,Contestant,Operating
Knocki,knocki.com,https://www.crunchbase.com/organization/knocki,$1.9M,-,Audience choice,Operating
Koality,koalitycode.com,https://www.crunchbase.com/organization/koality,$1.8M,Disrupt SF 2013,Contestant,Acquired
Koemei,koemei.com,https://www.crunchbase.com/organization/koemei,$1.3M,Disrupt NYC 2012,Contestant,Operating
Kohort,kohort.com,https://www.crunchbase.com/organization/kohort,$3M,Disrupt NYC 2011,Contestant,Closed
Koto Labs,koto.io,https://www.crunchbase.com/organization/cubesensors,$717K,Hardware Battlefield 2014,Winner,Operating
KurbKarma,kurbkarma.com,https://www.crunchbase.com/organization/kurbkarma,,Disrupt NYC 2012,Contestant,Operating
Kurbo Health,kurbo.com,https://www.crunchbase.com/organization/kurbo-health,$5.8M,Disrupt NYC 2014,Contestant,Operating
Kwoller,kwoller.com,https://www.crunchbase.com/organization/kwoller,,Disrupt NYC 2014,Contestant,Operating
lark,lark.com,https://www.crunchbase.com/organization/lark,$4.1M,Disrupt SF 2010,Contestant,Operating
Laugh Radio,laughradio.com,https://www.crunchbase.com/organization/laugh-radio,,Disrupt NY 2016,Audience choice,Operating
Layer,layer.com,https://www.crunchbase.com/organization/layer,$42.1M,Disrupt SF 2013,Winner,Operating
Leaf,getleaf.co,https://www.crunchbase.com/organization/leaf-4,$2M,Disrupt SF 2015,Contestant,Operating
Leapfin,leapfin.com,https://www.crunchbase.com/organization/leap-4,$1M,Disrupt SF 2015,Finalist,Operating
LearnVest,learnvest.com,https://www.crunchbase.com/organization/learnvest,$69M,TC50 2009,Contestant,Acquired
Levebee,levebee.com,https://www.crunchbase.com/organization/levebee,,Disrupt EU 2014,Contestant,Operating
LiftIgniter,liftigniter.com,https://www.crunchbase.com/organization/liftigniter,$50K,Disrupt London 2016,Finalist,Operating
Liquidity Nanotech Corporation,liquico.com,https://www.crunchbase.com/organization/liquidity-nanotech-corporation,$10.6M,Disrupt NY 2015,Winner,Operating
Lissn,lissn.in,https://www.crunchbase.com/organization/lissn,,TC50 2009,Contestant,Closed
Lit Motors,litmotors.com,https://www.crunchbase.com/organization/lit-motors,$2.2M,Disrupt SF 2012,Runner up,Operating
Live Matrix,livematrix.com,https://www.crunchbase.com/organization/live-matrix,,Disrupt NYC 2010,Contestant,Acquired
LiveHit,livehit.com,https://www.crunchbase.com/organization/livehit,,TC50 2008,Contestant,Operating
LiveIntent,liveintent.com,https://www.crunchbase.com/organization/liveintent,$65.1M,Disrupt NYC 2010,Audience choice,Operating
Livemap,livemap.info,https://www.crunchbase.com/organization/livemap,$1.3M,Hardware Battlefield 2014,Contestant,Operating
Livestar,livestar.com,https://www.crunchbase.com/organization/livestar,$2M,Disrupt SF 2012,Contestant,Acquired
Lobster,lobster.media,https://www.crunchbase.com/organization/lobster,$2M,Disrupt EU 2014,Contestant,Operating
localbacon,jibe.com,https://www.crunchbase.com/organization/localbacon,$875K,TC50 2009,Contestant,Closed
LocalHero Inc.,,https://www.crunchbase.com/organization/localhero-inc,,Disrupt SF 2011,Contestant,Operating
Locality,locality.com,https://www.crunchbase.com/organization/locality,$6.7M,Disrupt NYC 2012,Contestant,Operating
Lock8,lock8.me,https://www.crunchbase.com/organization/lock8,,Disrupt EU 2013,Winner,Operating
LookSee Labs Inc,lookseelabs.com,https://www.crunchbase.com/organization/looksee-labs-inc,,Hardware Battlefield 2015,Finalist,Operating
LUCY,startwithlucy.com,https://www.crunchbase.com/organization/lucy-4,$2.3M,Disrupt SF 2016,Audience choice,Operating
Lumenus,lumenus.com,https://www.crunchbase.com/organization/lumenus-2,$250K,Disrupt NY 2016,Contestant,Operating
Lumier,lumier.com,https://www.crunchbase.com/organization/lumier,$350K,Disrupt NYC 2011,Contestant,Operating
Lystable,lystable.com,https://www.crunchbase.com/organization/lystable,$25.1M,Disrupt London 2015,Finalist,Operating
LyteShot,lyteshot.com,https://www.crunchbase.com/organization/lyteshot,$635K,Hardware Battlefield 2015,Contestant,Operating
Madbrook,everythingbuttart.com,https://www.crunchbase.com/organization/madbrook-publishing,,Disrupt NYC 2011,Contestant,Operating
MailTime,mailtime.com,https://www.crunchbase.com/organization/mailtime,$3.2M,Disrupt SF 2014,Contestant,Operating
Mainframe,mainframe.co,https://www.crunchbase.com/organization/mainframe-2,$300K,Disrupt London 2015,Contestant,Operating
Maluuba,maluuba.com,https://www.crunchbase.com/organization/maluuba,$9.2M,Disrupt SF 2012,Contestant,Acquired
Matibabu,thinkitlimited.com,https://www.crunchbase.com/organization/matibabu,,-,Contestant,Operating
MAX - Metro Africa Express,max.ng,https://www.crunchbase.com/organization/max-2,$1.1M,Disrupt London 2015,Runner up,Operating
Me-trics,me-trics.com,https://www.crunchbase.com/organization/me-trics,,TC50 2008,Contestant,Closed
"MedRepublic, Inc",medrepublic.com,https://www.crunchbase.com/organization/medrepublic-inc,$800K,Disrupt SF 2016,Contestant,Operating
Meexo,meexo.com,https://www.crunchbase.com/organization/meexo,,Disrupt SF 2011,Contestant,Acquired
mEgo,mego.com,https://www.crunchbase.com/organization/mego,$7.3M,TC40 2007,Contestant,Closed
Meporter,meporter.com,https://www.crunchbase.com/organization/meporter,,Disrupt NYC 2011,Contestant,Operating
Meritful,meritful.com,https://www.crunchbase.com/organization/meritful,,Disrupt NYC 2013,Contestant,Operating
Metaplace,metaplace.com,https://www.crunchbase.com/organization/metaplace,$9.4M,TC40 2007,Contestant,Acquired
Metricly,metricly.com,https://www.crunchbase.com/organization/metricly,,TC50 2009,Contestant,Closed
mFluiDx,mfluidx.com,https://www.crunchbase.com/organization/mfluidx,,Disrupt SF 2016,Contestant,Operating
MicroBlink,microblink.com,https://www.crunchbase.com/organization/microblink,,Disrupt EU 2014,Finalist,Operating
Mimi Hearing Technologies GmbH,mimi.io,https://www.crunchbase.com/organization/mimi-hearing-technologies,,Disrupt NYC 2014,Finalist,Operating
Mink,gracemink.com,https://www.crunchbase.com/organization/mink,,Disrupt NYC 2014,Contestant,Operating
Minor Studios,minorstudios.com,https://www.crunchbase.com/organization/minor-studios,,TC50 2008,Finalist,Closed
Mint,mint.com,https://www.crunchbase.com/organization/mint,$31.8M,TC40 2007,Winner,Acquired
Mirth Corp,mirth.com,https://www.crunchbase.com/organization/mirth-corp,,Disrupt NYC 2012,Contestant,Operating
Miso Media,misomedia.com,https://www.crunchbase.com/organization/miso-media,$3M,Disrupt SF 2010,Audience choice,Closed
MIXTT,mixtt.com,https://www.crunchbase.com/organization/mixtt,,TC50 2008,Contestant,Closed
Mob.ly,mob.ly,https://www.crunchbase.com/organization/mob-ly,$900K,TC50 2008,Contestant,Acquired
Mobalytics,mobalyticshq.com,https://www.crunchbase.com/organization/mobalytics,$2.6M,Disrupt SF 2016,Winner,Operating
Mobclix,mobclix.com,https://www.crunchbase.com/organization/mobclix,,TC50 2008,Contestant,Acquired
MobilePayUSA,mobilepayusa.com,https://www.crunchbase.com/organization/mobilepayusa,,Disrupt SF 2010,Audience choice,Closed
Modbot,modbot.com,https://www.crunchbase.com/organization/modbot,$4M,Hardware Battlefield 2014,Contestant,Operating
Moglue,moglue.com,https://www.crunchbase.com/organization/moglue,$1.2M,Disrupt Beijing 2011,Finalist,Closed
Money Intel,moneyintel.com,https://www.crunchbase.com/organization/money-intel,,Disrupt SF 2015,Contestant,Operating
Monsieur,monsieur.co,https://www.crunchbase.com/organization/monsieur,$3.3M,Disrupt SF 2013,Contestant,Operating
MOTA Motors,mota.com,https://www.crunchbase.com/organization/mota-motors,$9.5M,TC50 2009,Contestant,Operating
MotherKnows,,https://www.crunchbase.com/organization/motherknows,,Disrupt NYC 2011,Contestant,Operating
Movebubble,movebubble.com,https://www.crunchbase.com/organization/movebubble,$3.1M,Disrupt London 2015,Contestant,Operating
Munro Electric Vehicle,munromotor.com/,https://www.crunchbase.com/organization/munro-electric-vehicle,,-,Contestant,Operating
Musicshake,musicshake.com,https://www.crunchbase.com/organization/musicshake,$3.5M,TC40 2007,Contestant,Operating
myki,myki.co,https://www.crunchbase.com/organization/ki,$1.2M,Disrupt SF 2016,Contestant,Operating
myLanguage,myLanguage.me,https://www.crunchbase.com/organization/mylanguage,$50K,Disrupt SF 2011,Contestant,Operating
mySkin,myskin.com,https://www.crunchbase.com/organization/myskin,$275K,Disrupt EU 2013,Contestant,Operating
Mytopia,mytopia.com,https://www.crunchbase.com/organization/mytopia,$3.5M,TC50 2008,Contestant,Acquired
NapTime,naptime.technology,https://www.crunchbase.com/organization/naptime,,Hardware Battlefield 2015,Contestant,Operating
Nativetap.io,nativetap.io,https://www.crunchbase.com/organization/native-tap,$100K,Disrupt NY 2015,Contestant,Operating
NetPlenish,shopgeniusapp.com,https://www.crunchbase.com/organization/netplenish,$1.9M,Disrupt SF 2012,Audience choice,Operating
Next Caller,nextcaller.com,https://www.crunchbase.com/organization/next-caller,,Disrupt SF 2013,Contestant,Operating
NextGoals,nextgoals.com,https://www.crunchbase.com/organization/nextgoals,,Disrupt Beijing 2011,Contestant,Operating
Neyya,myneyya.com,https://www.crunchbase.com/organization/fin-robotics,$2.2M,Hardware Battlefield 2014,Contestant,Operating
Nikola Labs,nikola.tech,https://www.crunchbase.com/organization/nikola-labs-llc,$2.8M,Disrupt NY 2015,Contestant,Operating
Nima,nimasensor.com,https://www.crunchbase.com/organization/6sensor-labs,$13.2M,Hardware Battlefield 2016,Winner,Operating
NimbusBase,nimbusbase.com,https://www.crunchbase.com/organization/nimbusbase,$275K,Disrupt NYC 2013,Contestant,Operating
NoiseToys,noisetoys.com,https://www.crunchbase.com/organization/noisetoys,$1.4M,Disrupt NYC 2010,Contestant,Operating
Notivo,notivo.com,https://www.crunchbase.com/organization/notivo,,Disrupt NYC 2014,Contestant,Operating
Nucleus Scientific,nucleusscientific.com,https://www.crunchbase.com/organization/nucleus-scientific,,Disrupt NY 2015,Finalist,Operating
NUMBER26,n26.com,https://www.crunchbase.com/organization/papayer,$10.7M,Disrupt EU 2014,Contestant,Operating
O-Robotix,orobotix.com,https://www.crunchbase.com/organization/o-robotix,$100K,Disrupt NY 2016,Contestant,Operating
Off & Away,offandaway.com,https://www.crunchbase.com/organization/off-away,$3.3M,Disrupt NYC 2010,Contestant,Acquired
Offerboard,offerboard.com,https://www.crunchbase.com/organization/offerboard,$1.3M,Disrupt NYC 2014,Contestant,Acquired
ONDiGO,ondigo.me,https://www.crunchbase.com/organization/ondigo,$500K,Disrupt EU 2014,Contestant,Operating
OneTrueFan,onetruefan.com,https://www.crunchbase.com/organization/onetruefan,$1.2M,Disrupt SF 2010,Contestant,Acquired
Open as App,openasapp.net,https://www.crunchbase.com/organization/open-as-app,,Disrupt London 2016,Contestant,Operating
Open Garden,opengarden.com,https://www.crunchbase.com/organization/open-garden,$12.8M,Disrupt NYC 2012,Finalist,Operating
Openbucks,openbucks.com,https://www.crunchbase.com/organization/openbucks,$5.3M,Disrupt SF 2011,Contestant,Operating
Opzi,opzi.com,https://www.crunchbase.com/organization/opzi,$1M,Disrupt SF 2010,Finalist,Closed
OrderWithMe,orderwithme.com,https://www.crunchbase.com/organization/orderwithme,$37M,Disrupt Beijing 2011,Winner,Operating
Organizer,organizer.com,https://www.crunchbase.com/organization/organizer,$3.9M,Disrupt SF 2012,Contestant,Operating
Orgoo,orgoo.com,https://www.crunchbase.com/organization/orgoo,,TC40 2007,Contestant,Closed
oscadi,oscadi.com,https://www.crunchbase.com/organization/oscadi,$651.4K,Disrupt EU 2014,Finalist,Operating
Osmo,playosmo.com,https://www.crunchbase.com/organization/osmo,$38.5M,Disrupt SF 2013,Contestant,Operating
Ossia,ossia.com,https://www.crunchbase.com/organization/ossia,$25.5M,Disrupt SF 2013,Runner up,Operating
OtherInbox,otherinbox.com,https://www.crunchbase.com/organization/otherinbox,$3.8M,TC50 2008,Contestant,Acquired
Outline,theoutline.com,https://www.crunchbase.com/organization/outline,$892K,Disrupt SF 2013,Contestant,Closed
"Overnest, Inc.",overnest.com,https://www.crunchbase.com/organization/overnest-inc,,Disrupt NY 2016,Contestant,Operating
Owlet Baby Care,owletcare.com,https://www.crunchbase.com/organization/owlet,$24M,Hardware Battlefield 2014,Runner up,Operating
Oxehealth,oxehealth.com,https://www.crunchbase.com/organization/oxehealth,$3.4M,Disrupt London 2016,Finalist,Operating
PageCloud,pagecloud.com,https://www.crunchbase.com/organization/pagecloud,$7.2M,Disrupt NY 2015,Finalist,Operating
Paidpiper,paidpiper.com,https://www.crunchbase.com/organization/paidpiper,$1.2M,Disrupt NYC 2013,Contestant,Operating
Pangea,pangeare.com,https://www.crunchbase.com/organization/pangea-3,,Disrupt NY 2015,Contestant,Operating
Paribus,paribus.co,https://www.crunchbase.com/organization/paribus,$2.2M,Disrupt NY 2015,Contestant,Acquired
Partpic,partpic.com,https://www.crunchbase.com/organization/partpic,$1.5M,Disrupt SF 2014,Finalist,Operating
Pathmapp,pathmapp.com,https://www.crunchbase.com/organization/pathmapp,,Disrupt SF 2012,Contestant,Closed
PatternEQ Inc.,patterneq.com,https://www.crunchbase.com/organization/patterneq-inc,,Disrupt SF 2014,Finalist,Operating
PayTap,paytap.com,https://www.crunchbase.com/organization/paytap,$520K,Disrupt SF 2012,Contestant,Operating
Peekster,peeksterapp.com,https://www.crunchbase.com/organization/peekster,$79.5K,Disrupt NYC 2014,Contestant,Operating
Peeple,peeple.io,https://www.crunchbase.com/organization/peeple,$156K,Hardware Battlefield 2015,Runner up,Operating
Penn & Teller,pennandteller.com,https://www.crunchbase.com/organization/penn-teller,,TC50 2009,Contestant,Operating
Perpetually,perpetually.com,https://www.crunchbase.com/organization/perpetually-com,,TC50 2009,Contestant,Acquired
PERSONALRIA,personalria.com,https://www.crunchbase.com/organization/personalria,,TC50 2008,Contestant,Closed
Peruse,peruse.io,https://www.crunchbase.com/organization/peruse,$50K,Disrupt NY 2015,Contestant,Operating
PhenixP2P Inc.,phenixp2p.com,https://www.crunchbase.com/organization/superior-streaming-technology-llc,$4.8M,Disrupt London 2016,Finalist,Operating
PHIND,phind.it,https://www.crunchbase.com/organization/phind,$755K,Disrupt NY 2015,Contestant,Operating
Pillar Technologies,pillar.tech,https://www.crunchbase.com/organization/pillar-technologies,$525K,-,Finalist,Operating
Pinger,pinger.com,https://www.crunchbase.com/organization/pinger,$18.5M,Disrupt SF 2010,Runner up,Operating
Pipewise,pipewise.com,https://www.crunchbase.com/organization/ccloop,$3.5M,Disrupt NYC 2011,Contestant,Closed
PlaceAVote.com,placeavote.com,https://www.crunchbase.com/organization/placeavote-com,$500K,Disrupt NY 2016,Contestant,Operating
Plantly,plantly.com,https://www.crunchbase.com/organization/plantly,,Disrupt NYC 2010,Audience choice,Closed
plaYce,playce.com,https://www.crunchbase.com/organization/playce,,TC50 2008,Contestant,Operating
PlaySay,playsay.com,https://www.crunchbase.com/organization/playsay,$1.1M,Disrupt SF 2011,Contestant,Acquired
Pluto Media,pluto-media.com,https://www.crunchbase.com/organization/pluto-media,$2.2M,Disrupt NYC 2014,Contestant,Operating
Ponoko,ponoko.com,https://www.crunchbase.com/organization/ponoko,$1.5M,TC40 2007,Contestant,Operating
Popego,grupo42.com,https://www.crunchbase.com/organization/popego,,TC50 2008,Contestant,Closed
Postbox,postbox-inc.com,https://www.crunchbase.com/organization/postbox,,TC50 2008,Contestant,Operating
Postmates,postmates.com,https://www.crunchbase.com/organization/postmates,$278M,Disrupt SF 2011,Contestant,Operating
Powerset,powerset.com,https://www.crunchbase.com/organization/powerset,$20.5M,TC40 2007,Contestant,Acquired
Preemadonna,preemadonna.com,https://www.crunchbase.com/organization/preemadonna,$500K,Disrupt SF 2015,Finalist,Operating
Pressly,pressly.com,https://www.crunchbase.com/organization/pressly,$3.6M,Disrupt SF 2011,Contestant,Operating
Prior Knowledge,priorknowledge.com,https://www.crunchbase.com/organization/prior-knowledge,$1.4M,Disrupt SF 2012,Finalist,Acquired
Prism Skylabs,prism.com,https://www.crunchbase.com/organization/prism-skylabs,$24M,Disrupt SF 2011,Runner up,Operating
productboard,productboard.com,https://www.crunchbase.com/organization/productboard,$1.7M,Disrupt SF 2016,Contestant,Operating
Publish2,publish2.com,https://www.crunchbase.com/organization/publish2,$2.8M,Disrupt NYC 2010,Finalist,Operating
PubMatic,pubmatic.com,https://www.crunchbase.com/organization/pubmatic,$63M,TC40 2007,Contestant,Operating
Punch!,punch.is,https://www.crunchbase.com/organization/punch,$2.2M,Disrupt NYC 2012,Contestant,Operating
Pundit,getpundit.com,https://www.crunchbase.com/organization/pundit,$120K,Disrupt SF 2016,Contestant,Operating
Qardio,getqardio.com,https://www.crunchbase.com/organization/qardio,$948K,Disrupt EU 2013,Contestant,Operating
Quant the News,quantnews.com,https://www.crunchbase.com/organization/quant-the-news,$150K,TC50 2008,Contestant,Closed
Questli,questli.com,https://www.crunchbase.com/organization/questli,,Disrupt SF 2011,Audience choice,Closed
QuickFire Networks,quickfirenetworks.com,https://www.crunchbase.com/organization/quickfire-networks,,Disrupt SF 2014,Contestant,Acquired
Qwiki,qwiki.com,https://www.crunchbase.com/organization/qwiki,$10.5M,Disrupt SF 2010,Winner,Acquired
Rackup,rackup.com,https://www.crunchbase.com/organization/rackup,$3.5M,TC50 2009,Contestant,Closed
Radiusly,radiusly.com,https://www.crunchbase.com/organization/radiusly,,TC50 2009,Contestant,Closed
Rainbow,,https://www.crunchbase.com/organization/shine-security,$3.3M,Disrupt SF 2013,Contestant,Operating
Rallyteam,rallyteam.com,https://www.crunchbase.com/organization/rallyteam,$20K,Disrupt SF 2014,Contestant,Operating
Redbeacon,redbeacon.com,https://www.crunchbase.com/organization/redbeacon,$7.4M,TC50 2009,Winner,Acquired
RefMob,refmobworks.com,https://www.crunchbase.com/organization/refmob,,TC50 2009,Contestant,Operating
Regalii,regalii.com,https://www.crunchbase.com/organization/regalii,$6M,Disrupt SF 2013,Finalist,Operating
Relevancy Data,relevancydata.com,https://www.crunchbase.com/organization/relevancy-data,$20.3K,Disrupt NY 2015,Contestant,Operating
Remark,remarkhq.com,https://www.crunchbase.com/organization/remark-hq,$100K,Disrupt SF 2013,Contestant,Operating
Rentlord,rentlord.com,https://www.crunchbase.com/organization/rentlord,,Disrupt SF 2011,Contestant,Operating
Rewardli,rewardli.com,https://www.crunchbase.com/organization/rewardli,$765K,Disrupt SF 2011,Contestant,Operating
Rex Animal Health,rexanimalhealth.com,https://www.crunchbase.com/organization/rex-animal-health,$145K,Disrupt SF 2016,Contestant,Operating
Rexly,rexly.com,https://www.crunchbase.com/organization/rexly,$20K,Disrupt NYC 2011,Contestant,Acquired
Richi,richi.com,https://www.crunchbase.com/organization/richi,,Disrupt Beijing 2011,Contestant,Operating
Rinen,opentrace.org,https://www.crunchbase.com/organization/rinen,,TC50 2008,Contestant,Closed
Ripio,ripio.com,https://www.crunchbase.com/organization/bitpagos,$7M,Disrupt NY 2016,Finalist,Operating
Ritual,ritual.com,https://www.crunchbase.com/organization/ritual-2,$5M,Disrupt NY 2016,Finalist,Operating
Roadie,roadie.com,https://www.crunchbase.com/organization/roadie-2,$25M,Disrupt NYC 2014,Audience choice,Operating
Robin Technologies Inc,tryrobin.com,https://www.crunchbase.com/organization/robin-technologies-inc,$1.2M,Disrupt SF 2016,Contestant,Operating
Robo Wunderkind,robowunderkind.com,https://www.crunchbase.com/organization/robo,$956K,Disrupt SF 2015,Contestant,Operating
Robotbase,robotbase.com,https://www.crunchbase.com/organization/robotbase,$250K,Hardware Battlefield 2015,Contestant,Operating
Rollout.io,rollout.io,https://www.crunchbase.com/organization/rollout-io-2,$3M,Disrupt SF 2015,Contestant,Operating
Satago,satago.com,https://www.crunchbase.com/organization/satago-net,$7.7M,Disrupt EU 2013,Contestant,Acquired
Saya,saya.im,https://www.crunchbase.com/organization/saya,,Disrupt SF 2012,Finalist,Acquired
sciencebite,sciencebite.com,https://www.crunchbase.com/organization/sciencebite-gmbh,,Disrupt SF 2014,Contestant,Operating
Scoutible,scoutible.com,https://www.crunchbase.com/organization/scoutible,$1.5M,Disrupt NY 2016,Contestant,Operating
Scrumpt,scrumptbox.com,https://www.crunchbase.com/organization/scrumpt,,Disrupt SF 2015,Finalist,Operating
Sealtale,sealtale.com,https://www.crunchbase.com/organization/sealtale,,TC50 2009,Contestant,Closed
SeatGeek,seatgeek.com,https://www.crunchbase.com/organization/seatgeek,$160M,TC50 2009,Contestant,Operating
Sedicii,sedicii.com,https://www.crunchbase.com/organization/sedicii,,Disrupt NYC 2014,Contestant,Operating
Seeds,playseeds.com,https://www.crunchbase.com/organization/seeds-2,$800K,Disrupt London 2016,Contestant,Operating
Seenit,seenit.io,https://www.crunchbase.com/organization/seenit,$1.4M,Disrupt London 2016,Winner,Operating
Selequity,selequity.com,https://www.crunchbase.com/organization/selequity,$590K,Disrupt NY 2015,Contestant,Operating
Self Lender,selflender.com,https://www.crunchbase.com/organization/self-lender,$2M,Disrupt SF 2014,Contestant,Operating
Sensay,sensay.it,https://www.crunchbase.com/organization/sensay,$6M,Disrupt SF 2016,Contestant,Operating
Sensibo,sensibo.com,https://www.crunchbase.com/organization/sensibo-2,$3.4M,Hardware Battlefield 2015,Audience choice,Operating
Sentinl inc.,sentinl.com,https://www.crunchbase.com/organization/sentinl,$100K,Hardware Battlefield 2016,Finalist,Operating
Sentri,sentri.me,https://www.crunchbase.com/organization/sentri,$855.4K,Hardware Battlefield 2015,Contestant,Operating
Sentry Scientific,sentryscientific.com,https://www.crunchbase.com/organization/sentry-scientific,,Hardware Battlefield 2014,Contestant,Operating
Separate.Us,separate.us,https://www.crunchbase.com/organization/separate-us,$165K,Disrupt SF 2015,Contestant,Operating
SeqCentral,seqcentral.com,https://www.crunchbase.com/organization/seqcentral,,Disrupt SF 2010,Contestant,Operating
Sereneti Kitchen,sereneti.com,https://www.crunchbase.com/organization/sereneti,$150K,Hardware Battlefield 2015,Contestant,Operating
Sevenhugs,sevenhugs.com,https://www.crunchbase.com/organization/sevenhugs,$16.2M,Disrupt London 2015,Contestant,Operating
Shaker,atshaker.com,https://www.crunchbase.com/organization/shaker,$18M,Disrupt SF 2011,Winner,Operating
Shakr Media,shakr.com,https://www.crunchbase.com/organization/shakr-media,$3.8M,Disrupt Beijing 2011,Contestant,Operating
Shape,shapescale.com,https://www.crunchbase.com/organization/shapescale,,-,Contestant,Operating
Share Practice,sharepractice.com,https://www.crunchbase.com/organization/share-practice,$4.1M,Disrupt NYC 2013,Contestant,Closed
Shattered Reality Interactive,srinteractive.com,https://www.crunchbase.com/organization/shattered-reality-interactive,$1.1M,TC50 2008,Contestant,Closed
Sher.ly,sher.ly,https://www.crunchbase.com/organization/sher-ly,$1.4M,Disrupt EU 2013,Contestant,Operating
ShieldSquare,shieldsquare.com,https://www.crunchbase.com/organization/shieldsquare,$350K,Disrupt SF 2015,Audience choice,Operating
ShipHawk,shiphawk.com,https://www.crunchbase.com/organization/shiphawk,$6M,Disrupt NYC 2013,Audience choice,Operating
SHL Telemedicine,shl-telemedicine.com,https://www.crunchbase.com/organization/shl-telemedicine,,Disrupt NYC 2011,Contestant,Ipo
ShoCard,shocard.com,https://www.crunchbase.com/organization/shocard-inc,$1.5M,Disrupt NY 2015,Contestant,Operating
ShowKit,showkit.com,https://www.crunchbase.com/organization/showkit,$440K,Disrupt NYC 2014,Finalist,Operating
Shufflehub,shufflehub.com,https://www.crunchbase.com/organization/shufflehub-limited,,Disrupt EU 2013,Contestant,Operating
Sign2Pay,sign2pay.com,https://www.crunchbase.com/organization/sign2pay,$684.4K,Disrupt EU 2014,Contestant,Operating
Simply Grid,simplygrid.com,https://www.crunchbase.com/organization/simply-grid,,Disrupt NYC 2014,Contestant,Operating
Siren Care,siren.care,https://www.crunchbase.com/organization/siren-ivs,$129.8K,-,Winner,Operating
SizeUp,sizeup.com,https://www.crunchbase.com/organization/sizeup,,Disrupt SF 2011,Contestant,Operating
Skaffl,skaffl.com,https://www.crunchbase.com/organization/skaffl,$118K,Disrupt SF 2013,Contestant,Operating
Skylines,skylines.io,https://www.crunchbase.com/organization/skylines,$700K,Disrupt NYC 2011,Contestant,Closed
SkySpecs,skyspecs.com,https://www.crunchbase.com/organization/skyspecs,$3.5M,Hardware Battlefield 2015,Contestant,Operating
SlickLogin,slicklogin.com,https://www.crunchbase.com/organization/slicklogin,$20K,Disrupt SF 2013,Contestant,Acquired
Slides,slides.com,https://www.crunchbase.com/organization/slides,,Disrupt SF 2016,Contestant,Operating
SmartyPans,smartypans.io,https://www.crunchbase.com/organization/smartypans,,-,Contestant,Operating
Smoretgage,smoretgage.com,https://www.crunchbase.com/organization/smoretgage,,Disrupt NYC 2014,Contestant,Operating
SnapDragon,playsnapdragon.com,https://www.crunchbase.com/organization/snapdragon,,Disrupt SF 2010,Contestant,Closed
SnipSnap,snipsnap.it,https://www.crunchbase.com/organization/snipsnap-app,$2.8M,Disrupt NYC 2012,Contestant,Acquired
Social Stock,socialstock.com,https://www.crunchbase.com/organization/social-stock,,Disrupt NYC 2012,Contestant,Closed
Socialwok,socialwok.com,https://www.crunchbase.com/organization/socialwok,,TC50 2009,Audience choice,Closed
Soluto,soluto.com,https://www.crunchbase.com/organization/soluto,$18M,Disrupt NYC 2010,Winner,Acquired
Sonar,sonarapp.com,https://www.crunchbase.com/organization/sonar,,Disrupt NYC 2011,Runner up,Operating
SOP Notify,sopnotify.com,https://www.crunchbase.com/organization/sop-notify,,Disrupt SF 2014,Contestant,Operating
Spacebar,spacebar.com,https://www.crunchbase.com/organization/spacebar-fm,,Disrupt NYC 2013,Contestant,Operating
Spawn Labs,spawnlabs.com,https://www.crunchbase.com/organization/spawn-labs,$1M,TC50 2009,Contestant,Acquired
Spenz,spenz.com,https://www.crunchbase.com/organization/spenz,,Disrupt NYC 2011,Contestant,Operating
Spincle,spincle.io,https://www.crunchbase.com/organization/spincle,,Disrupt SF 2016,Contestant,Operating
Spinlister,spinlister.com,https://www.crunchbase.com/organization/spinlister,$2.3M,Disrupt SF 2012,Audience choice,Operating
Spinn Inc.,spinn.com,https://www.crunchbase.com/organization/spinn-coffee,$2.6M,Disrupt NY 2016,Contestant,Operating
SpokenLayer,spokenlayer.com,https://www.crunchbase.com/organization/spokenlayer,$482K,Disrupt NYC 2012,Contestant,Operating
Spool,getspool.com,https://www.crunchbase.com/organization/spool,$1M,Disrupt SF 2011,Contestant,Acquired
SpotlessCity,spotlesscity.com,https://www.crunchbase.com/organization/spotlesscity,$200K,Disrupt NYC 2012,Contestant,Closed
SpotOn,spoton.com,https://www.crunchbase.com/organization/spoton,$5M,Disrupt NYC 2011,Contestant,Operating
Spott,spo.tt,https://www.crunchbase.com/organization/spott-2,,TC40 2007,Contestant,Operating
Sprowtt Marketplace,sprowtt.com,https://www.crunchbase.com/organization/sprowtt-marketplace,,TC50 2009,Contestant,Closed
Sqreen,sqreen.io,https://www.crunchbase.com/organization/sqreen,$2.3M,Disrupt SF 2016,Finalist,Operating
Stack Lighting,stacklighting.com,https://www.crunchbase.com/organization/stack-lighting,,Disrupt SF 2014,Finalist,Operating
"Staffly, Inc.",staffly.com,https://www.crunchbase.com/organization/staffly-inc,$1.3M,Disrupt SF 2015,Contestant,Operating
Stampery,stampery.com,https://www.crunchbase.com/organization/stampery,$600K,Disrupt SF 2015,Contestant,Operating
StandWith,launch.standwith.com,https://www.crunchbase.com/organization/standwith,,Disrupt NYC 2014,Contestant,Operating
Stepcase,stepcase.com,https://www.crunchbase.com/organization/stepcase,,Disrupt Beijing 2011,Contestant,Operating
Stereolabs,stereolabs.com,https://www.crunchbase.com/organization/stereolabs,$2M,Hardware Battlefield 2016,Contestant,Operating
Stevie,stevie.com,https://www.crunchbase.com/organization/stevie,$2.1M,Disrupt NYC 2012,Contestant,Operating
Stitch,teamstitch.com,https://www.crunchbase.com/organization/stitch-4,$120K,Disrupt SF 2015,Finalist,Operating
Storify,storify.com,https://www.crunchbase.com/organization/storify,$23K,Disrupt SF 2010,Contestant,Acquired
StoryBlender,storyblender.com,https://www.crunchbase.com/organization/storyblender,$1.5M,TC40 2007,Contestant,Closed
StoryBox,getstorybox.com,https://www.crunchbase.com/organization/videogenie,$2.4M,Disrupt NYC 2010,Contestant,Operating
Storysomething,storysomething.com,https://www.crunchbase.com/organization/storysomething,,TC50 2009,Contestant,Closed
Stratio,stratio.com,https://www.crunchbase.com/organization/strat-io,,-,Finalist,Operating
Stribe,stribe.com,https://www.crunchbase.com/organization/stribe,$600K,TC50 2009,Contestant,Closed
StudyHall,studyhall.com,https://www.crunchbase.com/organization/studyhall-com,,Disrupt SF 2012,Contestant,Operating
StudyRoom,getstudyroom.com,https://www.crunchbase.com/organization/studyroom,,Disrupt SF 2014,Contestant,Operating
StyleSaint,stylesaint.com,https://www.crunchbase.com/organization/stylesaint,$5.8M,Disrupt NYC 2012,Contestant,Operating
StyleSeat,styleseat.com,https://www.crunchbase.com/organization/styleseat,$40M,Disrupt NYC 2011,Contestant,Operating
Sumazi,sumazi.com,https://www.crunchbase.com/organization/sumazi,,Disrupt SF 2010,Contestant,Operating
Sunglass,sunglasshut.com,https://www.crunchbase.com/organization/sunglass,$1.8M,Disrupt NYC 2012,Finalist,Closed
Superfly,superfly.com,https://www.crunchbase.com/organization/superfly,$500K,Disrupt SF 2010,Contestant,Operating
Supplizer,supplizer.com/,https://www.crunchbase.com/organization/supplizer,,Disrupt NYC 2013,Contestant,Closed
SupplyShift,supplyshift.net,https://www.crunchbase.com/organization/supplyshift,$485K,Disrupt NYC 2013,Finalist,Operating
Sutro,sutrobio.com,https://www.crunchbase.com/organization/sutro,$863K,Hardware Battlefield 2015,Finalist,Operating
Switchmate,myswitchmate.com,https://www.crunchbase.com/organization/switchmate,,Hardware Battlefield 2015,Contestant,Operating
Swype,swype.com,https://www.crunchbase.com/organization/swype,$15.6M,TC50 2008,Finalist,Acquired
Symphony Commerce,symphonycommerce.com,https://www.crunchbase.com/organization/symphony-commerce,$47.4M,Disrupt NYC 2011,Contestant,Operating
TableGrabber,tablegrabber.com,https://www.crunchbase.com/organization/tablegrabber,$323.8K,Disrupt SF 2014,Contestant,Operating
Tagbrand,tagbrand.com,https://www.crunchbase.com/organization/tagbrand,$600K,Disrupt NYC 2012,Contestant,Operating
Tailor Brands,tailorbrands.com,https://www.crunchbase.com/organization/tailor-brands,$5.1M,Disrupt SF 2014,Contestant,Operating
Talk to IO,talkto.io,https://www.crunchbase.com/organization/talk-to-io,,Disrupt EU 2014,Contestant,Operating
Talkdesk,talkdesk.com,https://www.crunchbase.com/organization/talkdesk,$24.5M,Disrupt NYC 2012,Contestant,Operating
Talkz,talkz.com,https://www.crunchbase.com/organization/talkz,,Disrupt NYC 2013,Contestant,Operating
TallyGo,tallygo.com,https://www.crunchbase.com/organization/clearpath,$1M,Disrupt SF 2016,Contestant,Operating
Tango Tech,tangopc.com,https://www.crunchbase.com/organization/tango-tech,$350K,Disrupt NYC 2014,Contestant,Operating
Teach The People,teachthepeople.com,https://www.crunchbase.com/organization/teachthepeople,$300K,TC40 2007,Contestant,Closed
Tello Applications,,https://www.crunchbase.com/organization/tello,$4.7M,Disrupt SF 2010,Contestant,Closed
Textingly,textingly.com,https://www.crunchbase.com/organization/textingly,$650K,Disrupt NYC 2010,Contestant,Closed
The Eye Tribe,theeyetribe.com,https://www.crunchbase.com/organization/the-eye-tribe,$5.3M,Hardware Battlefield 2014,Contestant,Acquired
The Whuffie Bank,thewhuffiebank.org,https://www.crunchbase.com/organization/the-whuffie-bank,,TC50 2009,Contestant,Closed
TheSwop.com,theswop.com,https://www.crunchbase.com/organization/theswop-com,,TC50 2009,Contestant,Closed
Thinkfuse,thinkfuse.com,https://www.crunchbase.com/organization/thinkfuse,$532K,Disrupt NYC 2011,Contestant,Acquired
Thoora,thoora.com,https://www.crunchbase.com/organization/thoora,$4.2M,TC50 2009,Contestant,Closed
threadsy,threadsy.com,https://www.crunchbase.com/organization/threadsy,$6.3M,TC50 2009,Finalist,Acquired
ThriftDB,thriftdb.com,https://www.crunchbase.com/organization/thriftdb,,Disrupt NYC 2011,Contestant,Operating
Tickreel,tickreel.com,https://www.crunchbase.com/organization/tickreel,,Disrupt NYC 2010,Contestant,Closed
TidePool,tidepool.co,https://www.crunchbase.com/organization/tidepool,$1.5M,Disrupt SF 2013,Contestant,Operating
TimeLooper,timelooper.com,https://www.crunchbase.com/organization/timelooper-inc,$1.9M,Disrupt NY 2016,Contestant,Operating
Tingz,tingz.net,https://www.crunchbase.com/organization/tingz,$280K,TC50 2008,Contestant,Closed
Tonara,tonara.com,https://www.crunchbase.com/organization/tonara,$9.8M,Disrupt SF 2011,Contestant,Operating
Tonchidot,tonchidot.com,https://www.crunchbase.com/organization/tonchidot,$16M,TC50 2008,Contestant,Operating
ToonsTunes,toonstunes.com,https://www.crunchbase.com/organization/toonstunes,,TC50 2009,Contestant,Closed
TouchPal,touchpal.com,https://www.crunchbase.com/organization/touchpal,$25M,Disrupt Beijing 2011,Finalist,Operating
Tovbot,tovbot.com,https://www.crunchbase.com/organization/tovbot,,Disrupt SF 2012,Contestant,Operating
ToVieFor,toviefor.com,https://www.crunchbase.com/organization/toviefor,$93K,Disrupt SF 2010,Contestant,Closed
ToyBots,toybots.com,https://www.crunchbase.com/organization/toybots,,TC50 2009,Contestant,Closed
Trace,traceapp.com,https://www.crunchbase.com/organization/trace,,Disrupt NYC 2013,Contestant,Operating
Tracks.by,tracks.by,https://www.crunchbase.com/organization/tracks-by,$88K,Disrupt NYC 2011,Contestant,Operating
Traction,traction.co,https://www.crunchbase.com/organization/buzzstarter-inc,,Disrupt NYC 2014,Contestant,Operating
TRAIL,discovertrail.com,https://www.crunchbase.com/organization/trail,,Disrupt SF 2013,Contestant,Operating
Trello,trello.com,https://www.crunchbase.com/organization/trello,$10.3M,Disrupt SF 2011,Finalist,Acquired
TripIt,tripit.com,https://www.crunchbase.com/organization/tripit,$13.1M,TC40 2007,Contestant,Acquired
Trippy,trippy.com,https://www.crunchbase.com/organization/trippy,$5.3M,Disrupt SF 2011,Contestant,Operating
Trollim,trollim.com,https://www.crunchbase.com/organization/trollim,,TC50 2009,Contestant,Closed
TrueCar,truecar.com,https://www.crunchbase.com/organization/truecar,$332.4M,TC50 2008,Contestant,Ipo
Trustev,trustev.com,https://www.crunchbase.com/organization/trustev,$7.8M,Disrupt NYC 2013,Contestant,Acquired
Trutap,trutap.com,https://www.crunchbase.com/organization/trutap,$14.5M,TC40 2007,Contestant,Closed
Tweegee,tweegee.com,https://www.crunchbase.com/organization/tweegee,$3M,TC50 2008,Contestant,Operating
Twentify,twentify.com,https://www.crunchbase.com/organization/twentify,$1M,Disrupt London 2015,Contestant,Operating
UberConference,uberconference.com,https://www.crunchbase.com/organization/uberconference,$35M,Disrupt NYC 2012,Winner,Operating
Udorse,udorse.com,https://www.crunchbase.com/organization/udorse,$500K,TC50 2009,Contestant,Closed
UJAM,ujam.com,https://www.crunchbase.com/organization/ujam,$2M,Disrupt NYC 2010,Finalist,Operating
Undrip,undrip.com,https://www.crunchbase.com/organization/undrip,,Disrupt SF 2012,Contestant,Operating
Ungeo,ungeo.cn,https://www.crunchbase.com/organization/ungeo,,Disrupt Beijing 2011,Audience choice,Operating
UnifyID,unify.id,https://www.crunchbase.com/organization/unifyid,,Disrupt SF 2016,Finalist,Operating
UnitedStyles,unitedstyles.com,https://www.crunchbase.com/organization/unitedstyles,,Disrupt Beijing 2011,Finalist,Closed
UpScored,upscored.com,https://www.crunchbase.com/organization/upscored,,Disrupt NY 2016,Contestant,Operating
Upwork,upwork.com,https://www.crunchbase.com/organization/odesk,$168.8M,TC50 2009,Audience choice,Operating
UQ Life,uqlife.com,https://www.crunchbase.com/organization/uq-life,,Disrupt NYC 2013,Contestant,Operating
Valor Water Analytics,valorwater.com,https://www.crunchbase.com/organization/valor-water-analytics,$2.8M,Disrupt SF 2014,Contestant,Operating
Vantage Robotics,vantagerobotics.com,https://www.crunchbase.com/organization/vantage-robotics,,Hardware Battlefield 2016,Contestant,Operating
Vault,getvault.com,https://www.crunchbase.com/organization/vaultinvesting,$1.6M,Disrupt London 2016,Audience choice,Operating
Venneos GmbH,venneos.com,https://www.crunchbase.com/organization/venneos,$1.1M,-,Contestant,Operating
Verious,verious.com,https://www.crunchbase.com/organization/verious,$800K,Disrupt SF 2011,Contestant,Closed
Veyo Care,veyo-care.com,https://www.crunchbase.com/organization/veyo-care,$830.2K,Disrupt London 2015,Contestant,Operating
VIDA,vida.fm,https://www.crunchbase.com/organization/vida,,Disrupt Beijing 2011,Contestant,Closed
VideoSurf,videosurf.com,https://www.crunchbase.com/organization/videosurf,$28M,TC50 2008,Contestant,Acquired
Viewdle,viewdle.com,https://www.crunchbase.com/organization/viewdle,$12M,TC40 2007,Contestant,Acquired
Vimo Labs,trackmy.fit,https://www.crunchbase.com/organization/vimofit,$1M,Disrupt NY 2015,Contestant,Operating
Vinli,vin.li,https://www.crunchbase.com/organization/vinli,$6.5M,Disrupt SF 2014,Finalist,Operating
Vinylmint,vinylmint.com,https://www.crunchbase.com/organization/vinylmint,$26.7K,Disrupt NYC 2012,Contestant,Operating
VisibleGains,visiblegains.com,https://www.crunchbase.com/organization/visiblegains,$4.5M,Disrupt NYC 2012,Contestant,Operating
VIVE,vive.co,https://www.crunchbase.com/organization/vive-4,$2.3M,Disrupt NY 2015,Contestant,Operating
voicesphere,voice-sphere.com,https://www.crunchbase.com/organization/voicesphere,,Disrupt EU 2013,Finalist,Operating
Voltera,voltera.io,https://www.crunchbase.com/organization/voltera,$55K,Hardware Battlefield 2015,Winner,Operating
Voxel,voxel.net,https://www.crunchbase.com/organization/voxel,$7.1M,Disrupt SF 2013,Contestant,Operating
Voxy,voxy.com,https://www.crunchbase.com/organization/voxy,$30.8M,Disrupt SF 2010,Contestant,Operating
Vurb,vurb.com,https://www.crunchbase.com/organization/vurb,$10M,Disrupt NYC 2014,Winner,Acquired
WakaTime,wakatime.com,https://www.crunchbase.com/organization/wakatime,,Disrupt SF 2015,Contestant,Operating
Wanderio,wanderio.com,https://www.crunchbase.com/organization/wanderio,$275K,Disrupt EU 2013,Contestant,Operating
WaterO,wateropurifier.com,https://www.crunchbase.com/organization/watero,$85.7K,Disrupt NY 2016,Runner up,Operating
WAZER,wazer.com,https://www.crunchbase.com/organization/wazer-inc-2,$1.4M,Disrupt SF 2016,Contestant,Operating
WEconnect,weconnectrecovery.com,https://www.crunchbase.com/organization/palalinq,$2.1M,Disrupt SF 2016,Audience choice,Operating
WeDemand,wedemand.com,https://www.crunchbase.com/organization/wedemand,$1M,Disrupt SF 2012,Contestant,Operating
Wellth,wellthapp.com,https://www.crunchbase.com/organization/wellth,$2.5M,Disrupt NY 2015,Contestant,Operating
Wellthy,wellthy.com,https://www.crunchbase.com/organization/wellthy-2,$2M,Disrupt SF 2015,Contestant,Operating
Welltwigs,welltwigs.com,https://www.crunchbase.com/organization/welltwigs,$50K,Disrupt NY 2015,Contestant,Operating
Weotta,weotta.com,https://www.crunchbase.com/organization/weotta,,Disrupt NYC 2011,Contestant,Operating
What Now Travel,whatnowtravel.com,https://www.crunchbase.com/organization/what-now-travel,,Disrupt EU 2013,Contestant,Operating
Wiivv,wiivv.com,https://www.crunchbase.com/organization/wiivv-wearables-company,$12.2M,Hardware Battlefield 2016,Runner up,Operating
Wixi,wixi.com,https://www.crunchbase.com/organization/wixi,,TC40 2007,Contestant,Closed
WooMe,woome.com,https://www.crunchbase.com/organization/woome,$17.4M,TC40 2007,Finalist,Acquired
Workspot,workspot.com,https://www.crunchbase.com/organization/workspot,$15.8M,Disrupt NYC 2013,Contestant,Operating
Xendo,xendo.com,https://www.crunchbase.com/organization/xendo,$28K,Disrupt SF 2014,Contestant,Acquired
Xobni,yahoo.com,https://www.crunchbase.com/organization/xobni,$41.8M,TC40 2007,Contestant,Acquired
Yammer,yammer.com,https://www.crunchbase.com/organization/yammer,$142M,TC50 2008,Winner,Acquired
Yap,yapme.com,https://www.crunchbase.com/organization/yap,$10M,TC40 2007,Contestant,Closed
YayPay Inc,yaypay.com,https://www.crunchbase.com/organization/yaypay-inc,$900K,Disrupt London 2015,Contestant,Operating
Yext,yext.com,https://www.crunchbase.com/organization/yext,$117.8M,TC50 2009,Contestant,Ipo
YOOBIC,yoobic.com,https://www.crunchbase.com/organization/yoobic,,Disrupt London 2015,Finalist,Operating
YouNow,younow.com,https://www.crunchbase.com/organization/younow,$26M,Disrupt SF 2011,Contestant,Operating
YourMechanic,yourmechanic.com,https://www.crunchbase.com/organization/yourmechanic,$28M,Disrupt SF 2012,Winner,Operating
YourVersion,yourversion.com,https://www.crunchbase.com/organization/yourversion,,TC50 2009,Audience choice,Operating
Yuwan,iyuwan.cn,https://www.crunchbase.com/organization/yuwan,,Disrupt Beijing 2011,Contestant,Closed
ZAP!,zapreklam.com/,https://www.crunchbase.com/organization/zap-3,,Disrupt EU 2014,Audience choice,Operating
ZEFR,zefr.com,https://www.crunchbase.com/organization/zefr,$62.1M,Disrupt NYC 2010,Contestant,Operating
Zello,zello.com,https://www.crunchbase.com/organization/loudtalks,,TC40 2007,Contestant,Operating
Zenefits,zenefits.com,https://www.crunchbase.com/organization/zenefits,$583.6M,Disrupt NYC 2013,Finalist,Operating
Zivity,zivity.com,https://www.crunchbase.com/organization/zivity,$8M,TC40 2007,Contestant,Operating
Zmorph,zmorph3d.com,https://www.crunchbase.com/organization/zmorph,$1M,-,Audience choice,Operating
Zocdoc,zocdoc.com,https://www.crunchbase.com/organization/zocdoc,$223M,TC40 2007,Contestant,Operating
Zula,zulaapp.com,https://www.crunchbase.com/organization/zula,$3.4M,Disrupt SF 2013,Audience choice,Operating
Zumper,zumper.com,https://www.crunchbase.com/organization/zumper,$31.5M,Disrupt SF 2012,Finalist,Operating