U.S. Custom Ports,Coast,Year,ImportTons,ExportTons
"Aberdeen, WA",P,2000,0.0,0.0
"Anacortes, WA",P,2000,0.0,0.0
"Anchorage, AK",AK,2000,0.0,11414.6
"Baltimore, MD",A,2000,172563.87,103391.3
"Baton Rouge, LA",G,2000,1.5,0.0
"Beaufort-Morehead City, NC",A,2000,0.0,26.07
"Beaumont, TX",G,2000,169.0,43.39
"Boston, MA",A,2000,54222.41,19277.91
"Brunswick, GA",A,2000,0.0,52.0
"Camden, NJ",A,2000,298.23,6247.7600000000275
"Charleston, SC",A,2000,618460.6400000007,627720.25
"Chester, PA",A,2000,31958.7,19760.14
"Corpus Christi, TX",G,2000,0.0,16.0
"Everett, WA",P,2000,927.17,906.34
"Fernandina Beach, FL",A,2000,8781.93,9002.29
"Fort Pierce, FL",A,2000,14.01,94.9
"Freeport, TX",G,2000,23829.35,20685.2
"Galveston, TX",G,2000,1999.13,1506.31
"Gloucester City, NJ",A,2000,19.0,9165.0
"Gramercy, LA",G,2000,1.54,935.26
"Gulfport, MS",G,2000,81495.34000000016,74171.20000000008
"Honolulu, HI",HI,2000,13078.36,13331.02
"Houston, TX",G,2000,366821.43,366313.05
"Jacksonville, FL",A,2000,30913.86,79556.84
"Kodiak, AK",AK,2000,0.0,0.0
"Lake Charles, LA",G,2000,0.0,185.48
"Long Beach, CA",P,2000,2401299.7,802255.1100000006
"Longview, WA",P,2000,0.0,9.6
"Los Angeles, CA",P,2000,2428793.69,798948.9700000009
"Mayaguez, PR",PR,2000,9737.62000000008,10388.77
"Miami, FL",A,2000,335294.0,348209.690000001
"Mobile, AL",G,2000,5513.86,8638.09
"New Orleans, LA",G,2000,91384.38000000008,138056.23
"New York, NY",A,2000,1511578.59,688764.8700000009
"Newport News, VA",A,2000,40057.13,33729.77
"Norfolk, VA",A,2000,437522.5,412877.64
"Oakland, CA",P,2000,418923.68,569849.4
"Panama City, FL",G,2000,7.0,8.0
"Pensacola, FL",G,2000,0.0,0.0
"Pensauken, NJ",A,2000,6.0,144.17
"Philadelphia, PA",A,2000,65915.07,17340.48
"Ponce, PR",PR,2000,32379.79,7196.48
"Port Angeles, WA",P,2000,0.0,0.0
"Port Arthur, TX",G,2000,7.0,0.0
"Port Canaveral, FL",A,2000,171.8,169.93
"Port Everglades, FL",A,2000,175131.07,264086.3100000014
"Port Hueneme, CA",P,2000,9301.66,42.74
"Port Manatee, FL",G,2000,0.0,0.0
"Portland, ME",A,2000,1074.51,2316.83
"Portland, OR",P,2000,38049.9,173455.1
"Portsmouth, NH",A,2000,0.0,0.0
"Salem, NJ",A,2000,0.0,0.0
"San Diego, CA",P,2000,10.27,2.0
"San Francisco, CA",P,2000,23857.47,12060.81
"San Juan, PR",PR,2000,105835.13,45850.49
"Savannah, GA",A,2000,382070.26,338161.0
"Seattle, WA",P,2000,588418.6500000018,371463.93
"Tacoma, WA",P,2000,391491.13000000064,255525.74
"Tampa, FL",G,2000,1858.08,4215.519999999994
"Vancouver, WA",P,2000,303.18,7.0
"West Palm Beach, FL",A,2000,25667.21,103958.13
"Wilmington, DE",A,2000,97023.36,25666.46
"Wilmington, NC",A,2000,41823.8,30211.23
"Aberdeen, WA",P,2001,0.0,11.34
"Anacortes, WA",P,2001,0.0,0.0
"Anchorage, AK",AK,2001,0.0,11103.47
"Baltimore, MD",A,2001,177638.34,95779.9300000001
"Baton Rouge, LA",G,2001,0.0,41.0
"Beaufort-Morehead City, NC",A,2001,38.0,6.0
"Beaumont, TX",G,2001,41.0,13.06
"Boston, MA",A,2001,50735.81,13341.96
"Brunswick, GA",A,2001,0.0,489.2
"Camden, NJ",A,2001,339.31,7416.19000000003
"Charleston, SC",A,2001,612163.3000000005,546587.22
"Chester, PA",A,2001,31466.05,22723.37
"Corpus Christi, TX",G,2001,20.0,69.0
"Everett, WA",P,2001,412.08,378.48
"Fernandina Beach, FL",A,2001,7056.54,9119.800000000014
"Fort Pierce, FL",A,2001,2.0,18.0
"Freeport, TX",G,2001,19442.33,24067.04
"Galveston, TX",G,2001,6031.06,4148.38
"Gloucester City, NJ",A,2001,506.64,6143.64
"Gramercy, LA",G,2001,5923.85,2240.4299999999885
"Gulfport, MS",G,2001,85479.84,73465.6900000002
"Honolulu, HI",HI,2001,13826.64,14546.06
"Houston, TX",G,2001,381307.96,402007.71
"Jacksonville, FL",A,2001,24519.92,78981.92
"Kodiak, AK",AK,2001,0.0,16.0
"Lake Charles, LA",G,2001,0.0,2730.64
"Long Beach, CA",P,2001,2376416.81,818703.1800000024
"Longview, WA",P,2001,0.0,26.0
"Los Angeles, CA",P,2001,2613777.150000006,814631.0600000008
"Mayaguez, PR",PR,2001,10510.23,10848.98
"Miami, FL",A,2001,346559.37,370540.77000000124
"Mobile, AL",G,2001,6345.61,7341.27
"New Orleans, LA",G,2001,85647.06,131486.67
"New York, NY",A,2001,1587675.2900000068,767457.9200000025
"Newport News, VA",A,2001,23988.11,21043.54
"Norfolk, VA",A,2001,454216.3,431175.96
"Oakland, CA",P,2001,419010.3,544473.75
"Panama City, FL",G,2001,0.0,0.0
"Pensacola, FL",G,2001,90.0,0.0
"Pensauken, NJ",A,2001,4.75,191.47
"Philadelphia, PA",A,2001,71137.63,12269.99
"Ponce, PR",PR,2001,30171.3,6867.06
"Port Angeles, WA",P,2001,76.0,0.0
"Port Arthur, TX",G,2001,0.0,4.0
"Port Canaveral, FL",A,2001,167.84,61.59
"Port Everglades, FL",A,2001,170710.06,246128.83000000138
"Port Hueneme, CA",P,2001,8673.61,304.25
"Port Manatee, FL",G,2001,0.0,0.0
"Portland, ME",A,2001,1452.12,916.92
"Portland, OR",P,2001,46646.49,159753.22
"Portsmouth, NH",A,2001,0.0,0.0
"Salem, NJ",A,2001,0.0,0.0
"San Diego, CA",P,2001,3.84,0.0
"San Francisco, CA",P,2001,15748.59,7068.52
"San Juan, PR",PR,2001,108206.97,42228.81
"Savannah, GA",A,2001,430806.22,382178.03
"Seattle, WA",P,2001,499584.1600000012,324807.89
"Tacoma, WA",P,2001,356385.44,255507.72
"Tampa, FL",G,2001,812.38,3383.9099999999944
"Vancouver, WA",P,2001,735.51,28.0
"West Palm Beach, FL",A,2001,26648.27,92148.44000000022
"Wilmington, DE",A,2001,103260.19,24767.38
"Wilmington, NC",A,2001,37076.64,29644.88
"Aberdeen, WA",P,2002,0.0,10.6
"Anacortes, WA",P,2002,0.0,0.0
"Anchorage, AK",AK,2002,0.0,17243.1
"Baltimore, MD",A,2002,202685.96,99258.28
"Baton Rouge, LA",G,2002,74.63,848.38
"Beaufort-Morehead City, NC",A,2002,124.17,0.0
"Beaumont, TX",G,2002,128.0,30.65
"Boston, MA",A,2002,55522.2,24556.92
"Brunswick, GA",A,2002,2.0,1.0
"Camden, NJ",A,2002,257.23,6182.6700000000155
"Charleston, SC",A,2002,676109.25,521288.54
"Chester, PA",A,2002,35491.0,23570.12
"Corpus Christi, TX",G,2002,48.12,0.0
"Everett, WA",P,2002,202.75,0.0
"Fernandina Beach, FL",A,2002,5960.72,8290.660000000009
"Fort Pierce, FL",A,2002,2.0,53.83
"Freeport, TX",G,2002,29268.79,24992.4
"Galveston, TX",G,2002,12458.62,2715.76
"Gloucester City, NJ",A,2002,25.0,5806.87
"Gramercy, LA",G,2002,392.22,1167.13
"Gulfport, MS",G,2002,92877.94000000006,79922.32000000012
"Honolulu, HI",HI,2002,15534.46,16113.49
"Houston, TX",G,2002,420361.21,430301.49
"Jacksonville, FL",A,2002,35733.3,78415.92
"Kodiak, AK",AK,2002,0.0,2.0
"Lake Charles, LA",G,2002,929.0,2263.58
"Long Beach, CA",P,2002,2466755.98,716872.5900000011
"Longview, WA",P,2002,0.0,0.0
"Los Angeles, CA",P,2002,3193803.75,865746.7000000007
"Mayaguez, PR",PR,2002,11862.580000000084,11701.87
"Miami, FL",A,2002,402726.22,349259.68000000104
"Mobile, AL",G,2002,6240.2,8066.96
"New Orleans, LA",G,2002,89498.16,126557.32
"New York, NY",A,2002,1879455.08,747661.1100000014
"Newport News, VA",A,2002,36794.71,20187.16
"Norfolk, VA",A,2002,551168.0,430838.77
"Oakland, CA",P,2002,482484.61,496331.4100000005
"Panama City, FL",G,2002,0.0,0.0
"Pensacola, FL",G,2002,0.0,1.0
"Pensauken, NJ",A,2002,2.0,153.43
"Philadelphia, PA",A,2002,78254.08,36405.09
"Ponce, PR",PR,2002,21994.54,6624.52
"Port Angeles, WA",P,2002,0.0,0.0
"Port Arthur, TX",G,2002,1.0,170.0
"Port Canaveral, FL",A,2002,279.59,5.34
"Port Everglades, FL",A,2002,157095.69,213170.39000000106
"Port Hueneme, CA",P,2002,8236.21,336.66
"Port Manatee, FL",G,2002,0.0,0.0
"Portland, ME",A,2002,1861.46,851.66
"Portland, OR",P,2002,46695.6,138437.9
"Portsmouth, NH",A,2002,0.0,0.0
"Salem, NJ",A,2002,0.0,0.0
"San Diego, CA",P,2002,1413.46,769.68
"San Francisco, CA",P,2002,11026.9,5588.06
"San Juan, PR",PR,2002,117116.59,41583.87
"Savannah, GA",A,2002,561277.5499999995,452615.33
"Seattle, WA",P,2002,511520.9200000008,338333.98
"Tacoma, WA",P,2002,490789.41,277980.84
"Tampa, FL",G,2002,157.7,2486.44
"Vancouver, WA",P,2002,65.0,0.0
"West Palm Beach, FL",A,2002,33358.92,109035.54
"Wilmington, DE",A,2002,106666.27,26520.04
"Wilmington, NC",A,2002,45356.69,25818.11
"Aberdeen, WA",P,2003,0.0,0.0
"Anacortes, WA",P,2003,0.0,0.0
"Anchorage, AK",AK,2003,350.38,21581.86
"Baltimore, MD",A,2003,191945.39,114899.58
"Baton Rouge, LA",G,2003,3.72,2.0
"Beaufort-Morehead City, NC",A,2003,60.4,1.0
"Beaumont, TX",G,2003,2.0,36.0
"Boston, MA",A,2003,58284.64,34324.03
"Brunswick, GA",A,2003,7.17,83.0
"Camden, NJ",A,2003,356.14,7382.810000000009
"Charleston, SC",A,2003,720638.8099999988,529131.43
"Chester, PA",A,2003,44300.60000000006,28208.56
"Corpus Christi, TX",G,2003,24.59,31.0
"Everett, WA",P,2003,0.0,0.0
"Fernandina Beach, FL",A,2003,4617.03,7746.820000000027
"Fort Pierce, FL",A,2003,56.02,206.77
"Freeport, TX",G,2003,27639.17,22539.67
"Galveston, TX",G,2003,4816.14,1585.46
"Gloucester City, NJ",A,2003,109.0,712.95
"Gramercy, LA",G,2003,6303.02,584.1299999999984
"Gulfport, MS",G,2003,109807.41,94282.0400000001
"Honolulu, HI",HI,2003,18545.42,18363.31
"Houston, TX",G,2003,449696.94,483185.6
"Jacksonville, FL",A,2003,41654.35,71699.5
"Kodiak, AK",AK,2003,0.0,96.0
"Lake Charles, LA",G,2003,240.0,4190.7
"Long Beach, CA",P,2003,2367611.59,723100.9000000011
"Longview, WA",P,2003,0.0,0.0
"Los Angeles, CA",P,2003,3641578.7300000074,1022320.17
"Mayaguez, PR",PR,2003,12059.30000000008,11782.56
"Miami, FL",A,2003,427678.62,336250.9500000007
"Mobile, AL",G,2003,6030.51,7308.43
"New Orleans, LA",G,2003,97840.14,139104.48
"New York, NY",A,2003,1964759.3300000073,838276.5
"Newport News, VA",A,2003,47890.21,31664.04
"Norfolk, VA",A,2003,633455.09,459751.91
"Oakland, CA",P,2003,516558.4300000005,547720.0
"Panama City, FL",G,2003,11.23,0.0
"Pensacola, FL",G,2003,1.0,0.0
"Pensauken, NJ",A,2003,18.0,104.36
"Philadelphia, PA",A,2003,94577.1,8831.1
"Ponce, PR",PR,2003,5575.69,1508.44
"Port Angeles, WA",P,2003,0.0,0.0
"Port Arthur, TX",G,2003,13.02,0.0
"Port Canaveral, FL",A,2003,22.0,16.0
"Port Everglades, FL",A,2003,186930.12,235880.9700000012
"Port Hueneme, CA",P,2003,10042.66,395.07
"Port Manatee, FL",G,2003,524.93,0.69
"Portland, ME",A,2003,1670.53,707.81
"Portland, OR",P,2003,63428.13,146873.16
"Portsmouth, NH",A,2003,0.0,0.0
"Salem, NJ",A,2003,0.0,0.0
"San Diego, CA",P,2003,43816.59,9236.7
"San Francisco, CA",P,2003,7686.75,7225.38
"San Juan, PR",PR,2003,146676.97,38780.98
"Savannah, GA",A,2003,595050.91,529358.44
"Seattle, WA",P,2003,485943.3300000012,328798.27
"Tacoma, WA",P,2003,594038.5200000011,337250.3
"Tampa, FL",G,2003,2337.72,3291.7
"Vancouver, WA",P,2003,123.33,0.0
"West Palm Beach, FL",A,2003,34389.790000000336,106037.31
"Wilmington, DE",A,2003,166118.83,28909.539999999935
"Wilmington, NC",A,2003,43702.03,28255.42
"Aberdeen, WA",P,2004,0.0,0.0
"Anacortes, WA",P,2004,0.0,0.0
"Anchorage, AK",AK,2004,2631.05,27063.04
"Baltimore, MD",A,2004,236093.86,118085.98
"Baton Rouge, LA",G,2004,1.01,0.0
"Beaufort-Morehead City, NC",A,2004,19.0,0.0
"Beaumont, TX",G,2004,43.21,74.0
"Boston, MA",A,2004,72652.89000000007,46558.15
"Brunswick, GA",A,2004,2.0,36.0
"Camden, NJ",A,2004,523.91,8492.520000000033
"Charleston, SC",A,2004,837582.2200000018,583669.02
"Chester, PA",A,2004,48669.730000000105,35847.93
"Corpus Christi, TX",G,2004,46.05,0.0
"Everett, WA",P,2004,130.52,0.0
"Fernandina Beach, FL",A,2004,4336.56,8090.690000000031
"Fort Pierce, FL",A,2004,251.66,1280.57
"Freeport, TX",G,2004,26783.94,23201.84
"Galveston, TX",G,2004,6248.01,2555.52
"Gloucester City, NJ",A,2004,35.0,25.0
"Gramercy, LA",G,2004,1061.5,289.23
"Gulfport, MS",G,2004,119934.15,106734.34
"Honolulu, HI",HI,2004,21372.17,24082.07
"Houston, TX",G,2004,532288.04,565481.2199999993
"Jacksonville, FL",A,2004,41626.73,101945.51
"Kodiak, AK",AK,2004,0.0,238.67
"Lake Charles, LA",G,2004,38.0,920.74
"Long Beach, CA",P,2004,2951438.65,812818.0100000013
"Longview, WA",P,2004,0.0,0.0
"Los Angeles, CA",P,2004,3845539.3,1029190.38
"Mayaguez, PR",PR,2004,12120.21,11707.11
"Miami, FL",A,2004,465052.46,329597.7900000008
"Mobile, AL",G,2004,9232.16,12591.32
"New Orleans, LA",G,2004,99855.4800000001,143978.69
"New York, NY",A,2004,2238763.4900000053,924433.9599999987
"Newport News, VA",A,2004,57920.36,38167.65
"Norfolk, VA",A,2004,717346.3499999986,488687.2200000007
"Oakland, CA",P,2004,613295.8100000012,584035.11
"Panama City, FL",G,2004,0.0,0.0
"Pensacola, FL",G,2004,0.0,0.0
"Pensauken, NJ",A,2004,22.36,135.27
"Philadelphia, PA",A,2004,113385.49,18837.19
"Ponce, PR",PR,2004,1763.75,40.19
"Port Angeles, WA",P,2004,0.0,0.0
"Port Arthur, TX",G,2004,9.0,2.0
"Port Canaveral, FL",A,2004,510.2,54.5
"Port Everglades, FL",A,2004,232472.64,267620.57000000164
"Port Hueneme, CA",P,2004,10731.18,782.66
"Port Manatee, FL",G,2004,4785.15,1369.66
"Portland, ME",A,2004,1214.76,906.79
"Portland, OR",P,2004,70179.82,139248.06
"Portsmouth, NH",A,2004,4.0,0.0
"Salem, NJ",A,2004,0.0,0.0
"San Diego, CA",P,2004,45691.97,4727.61
"San Francisco, CA",P,2004,17635.15,6119.46
"San Juan, PR",PR,2004,155597.96,44265.49
"Savannah, GA",A,2004,664969.11,625209.37
"Seattle, WA",P,2004,680780.2000000016,368324.33
"Tacoma, WA",P,2004,601186.9900000012,339450.91
"Tampa, FL",G,2004,7494.9,4797.42
"Vancouver, WA",P,2004,2484.4,37.0
"West Palm Beach, FL",A,2004,38049.58000000135,118414.39
"Wilmington, DE",A,2004,119614.48,28483.87
"Wilmington, NC",A,2004,51737.56,28838.67
"Aberdeen, WA",P,2005,1.0,12.0
"Anacortes, WA",P,2005,0.0,0.0
"Anchorage, AK",AK,2005,512.51,32484.87
"Baltimore, MD",A,2005,244069.46,137914.31
"Baton Rouge, LA",G,2005,15.49,0.0
"Beaufort-Morehead City, NC",A,2005,27.25,12.0
"Beaumont, TX",G,2005,0.0,39.0
"Boston, MA",A,2005,74083.76000000013,56462.99
"Brunswick, GA",A,2005,14.0,0.0
"Camden, NJ",A,2005,140.51,10569.36
"Charleston, SC",A,2005,901106.8,620493.7399999994
"Chester, PA",A,2005,55596.60000000018,45613.39
"Corpus Christi, TX",G,2005,0.0,0.0
"Everett, WA",P,2005,0.0,2622.31
"Fernandina Beach, FL",A,2005,7220.72,8731.850000000011
"Fort Pierce, FL",A,2005,839.6,2027.6
"Freeport, TX",G,2005,27808.5,25712.88
"Galveston, TX",G,2005,3607.18,1558.28
"Gloucester City, NJ",A,2005,0.0,83.0
"Gramercy, LA",G,2005,783.55,418.2
"Gulfport, MS",G,2005,108929.76,76943.57000000024
"Honolulu, HI",HI,2005,23625.86,27633.10000000005
"Houston, TX",G,2005,625933.4899999991,624279.17
"Jacksonville, FL",A,2005,45351.93,101885.08
"Kodiak, AK",AK,2005,0.0,515.81
"Lake Charles, LA",G,2005,71.0,507.37
"Long Beach, CA",P,2005,3374091.28,1038210.66
"Longview, WA",P,2005,3.0,0.0
"Los Angeles, CA",P,2005,3865546.1199999903,1049264.79
"Mayaguez, PR",PR,2005,14229.73999999977,11837.439999999908
"Miami, FL",A,2005,443972.38,334464.62000000133
"Mobile, AL",G,2005,14004.65,10468.28
"New Orleans, LA",G,2005,70004.4,111410.02
"New York, NY",A,2005,2438367.47,978254.2500000007
"Newport News, VA",A,2005,61235.77,42567.68
"Norfolk, VA",A,2005,780917.5699999988,543589.39
"Oakland, CA",P,2005,761971.1799999992,616432.19
"Panama City, FL",G,2005,7183.510000000035,6903.600000000018
"Pensacola, FL",G,2005,20.0,0.0
"Pensauken, NJ",A,2005,27.04,154.3
"Philadelphia, PA",A,2005,139031.17,20526.08
"Ponce, PR",PR,2005,128.72,0.0
"Port Angeles, WA",P,2005,0.0,0.0
"Port Arthur, TX",G,2005,23.0,14.14
"Port Canaveral, FL",A,2005,1512.88,189.88
"Port Everglades, FL",A,2005,276864.85,309952.98000000184
"Port Hueneme, CA",P,2005,15036.01,3380.83
"Port Manatee, FL",G,2005,3309.53,1028.82
"Portland, ME",A,2005,1513.14,1904.0
"Portland, OR",P,2005,60096.17,61527.05
"Portsmouth, NH",A,2005,0.0,0.0
"Salem, NJ",A,2005,0.0,0.0
"San Diego, CA",P,2005,45203.91,2794.41
"San Francisco, CA",P,2005,370.07,70.0
"San Juan, PR",PR,2005,165476.28,48590.89
"Savannah, GA",A,2005,804639.31,686024.03
"Seattle, WA",P,2005,874774.3100000019,467593.32
"Tacoma, WA",P,2005,794332.2900000016,365715.18
"Tampa, FL",G,2005,6222.28,5307.980000000021
"Vancouver, WA",P,2005,372.87,96.01
"West Palm Beach, FL",A,2005,35819.470000001915,119231.0400000017
"Wilmington, DE",A,2005,120512.17,36882.25000000072
"Wilmington, NC",A,2005,68669.14,33408.53
"Aberdeen, WA",P,2006,0.0,0.0
"Anacortes, WA",P,2006,0.0,18.0
"Anchorage, AK",AK,2006,129.0,28230.66
"Baltimore, MD",A,2006,256620.73,150244.36
"Baton Rouge, LA",G,2006,152.01,1.0
"Beaufort-Morehead City, NC",A,2006,1.88,4.0
"Beaumont, TX",G,2006,117.46,0.0
"Boston, MA",A,2006,80237.26000000014,60228.28
"Brunswick, GA",A,2006,10.0,0.0
"Camden, NJ",A,2006,1151.16,9096.76000000004
"Charleston, SC",A,2006,889376.78,618094.7900000005
"Chester, PA",A,2006,51575.98000000013,45640.52000000007
"Corpus Christi, TX",G,2006,380.0,0.0
"Everett, WA",P,2006,1231.08,1872.08
"Fernandina Beach, FL",A,2006,7853.83,11136.86
"Fort Pierce, FL",A,2006,1191.7,2194.01
"Freeport, TX",G,2006,26656.78,27982.31
"Galveston, TX",G,2006,6333.26,1726.43
"Gloucester City, NJ",A,2006,540.68,12.0
"Gramercy, LA",G,2006,1097.24,205.06000000000057
"Gulfport, MS",G,2006,97229.63,64391.860000000204
"Honolulu, HI",HI,2006,25278.94,26875.73
"Houston, TX",G,2006,662270.64,613998.6900000011
"Jacksonville, FL",A,2006,48100.27,103905.71
"Kodiak, AK",AK,2006,0.0,1013.57
"Lake Charles, LA",G,2006,7.06,228.22
"Long Beach, CA",P,2006,3747341.82,1022725.21
"Longview, WA",P,2006,0.0,0.0
"Los Angeles, CA",P,2006,4426542.1,1263550.89
"Mayaguez, PR",PR,2006,15013.959999999666,11797.040000000405
"Miami, FL",A,2006,429938.09,315594.190000001
"Mobile, AL",G,2006,26615.22,19176.89
"New Orleans, LA",G,2006,70474.53,102094.05
"New York, NY",A,2006,2601326.870000007,1049918.09
"Newport News, VA",A,2006,44255.1,30431.47
"Norfolk, VA",A,2006,834197.96,579727.7
"Oakland, CA",P,2006,815836.6900000006,581963.62
"Panama City, FL",G,2006,26314.86,22271.500000000127
"Pensacola, FL",G,2006,6.0,0.0
"Pensauken, NJ",A,2006,43.25,592.23
"Philadelphia, PA",A,2006,153895.46,27810.58
"Ponce, PR",PR,2006,59.85,0.0
"Port Angeles, WA",P,2006,2.0,0.0
"Port Arthur, TX",G,2006,53.0,0.0
"Port Canaveral, FL",A,2006,256.0,1.06
"Port Everglades, FL",A,2006,296891.92,338603.07000000257
"Port Hueneme, CA",P,2006,15713.19,2794.01
"Port Manatee, FL",G,2006,4684.15,385.97
"Portland, ME",A,2006,934.77,633.97
"Portland, OR",P,2006,87166.05,76476.16
"Portsmouth, NH",A,2006,0.0,0.0
"Salem, NJ",A,2006,0.0,0.0
"San Diego, CA",P,2006,48509.03,1192.18
"San Francisco, CA",P,2006,285.98,3.0
"San Juan, PR",PR,2006,156277.29,55725.71
"Savannah, GA",A,2006,869165.5200000016,718647.31
"Seattle, WA",P,2006,793636.890000002,421738.05
"Tacoma, WA",P,2006,735961.7800000019,355048.79
"Tampa, FL",G,2006,10246.5,5347.169999999993
"Vancouver, WA",P,2006,172.07,66.31
"West Palm Beach, FL",A,2006,32158.00000000113,115959.23000000296
"Wilmington, DE",A,2006,130189.13,43861.97999999943
"Wilmington, NC",A,2006,79140.58,47666.32
"Aberdeen, WA",P,2007,0.0,0.0
"Anacortes, WA",P,2007,0.0,0.0
"Anchorage, AK",AK,2007,77.99,28450.550000000003
"Baltimore, MD",A,2007,254494.04000000007,174999.18999999992
"Baton Rouge, LA",G,2007,0.0,0.0
"Beaufort-Morehead City, NC",A,2007,41.28,2.0
"Beaumont, TX",G,2007,296.24999999999994,34.75
"Boston, MA",A,2007,94332.84999999998,63812.220000000016
"Brunswick, GA",A,2007,23.06,21.0
"Camden, NJ",A,2007,961.12,9409.4
"Charleston, SC",A,2007,768829.02,640901.7899999995
"Chester, PA",A,2007,52044.840000000004,50997.030000000006
"Corpus Christi, TX",G,2007,594.61,179.21
"Everett, WA",P,2007,273.0,2805.75
"Fernandina Beach, FL",A,2007,3912.89,11385.26
"Fort Pierce, FL",A,2007,2380.37,2397.03
"Freeport, TX",G,2007,31325.52,28511.35
"Galveston, TX",G,2007,3981.54,2246.18
"Gloucester City, NJ",A,2007,3135.86,12.0
"Gramercy, LA",G,2007,932.6300000000001,79.31
"Gulfport, MS",G,2007,104008.83,67848.09999999999
"Honolulu, HI",HI,2007,23332.749999999996,13617.580000000002
"Houston, TX",G,2007,616439.09,800271.2699999999
"Jacksonville, FL",A,2007,41112.79,96935.69999999997
"Kodiak, AK",AK,2007,0.0,114.6
"Lake Charles, LA",G,2007,276.0,525.49
"Long Beach, CA",P,2007,3672384.0200000005,1313877.6300000001
"Longview, WA",P,2007,97.67,0.0
"Los Angeles, CA",P,2007,4327485.59,1426676.4
"Mayaguez, PR",PR,2007,16310.14,10757.24
"Miami, FL",A,2007,345213.63999999996,337411.32999999996
"Mobile, AL",G,2007,35120.91999999999,33258.26
"New Orleans, LA",G,2007,78612.40000000001,179406.04999999993
"New York, NY",A,2007,2641666.9200000004,1301648.6600000004
"Newport News, VA",A,2007,28621.779999999995,27449.74
"Norfolk, VA",A,2007,857702.5499999998,727528.4299999998
"Oakland, CA",P,2007,796738.3899999997,642358.0099999999
"Panama City, FL",G,2007,21490.77,20891.09
"Pensacola, FL",G,2007,0.0,288.0
"Pensauken, NJ",A,2007,0.0,392.31
"Philadelphia, PA",A,2007,161633.49999999997,36255.91
"Ponce, PR",PR,2007,26.950000000000003,378.0
"Port Angeles, WA",P,2007,0.0,13.98
"Port Arthur, TX",G,2007,49.0,15.19
"Port Canaveral, FL",A,2007,248.45,0.0
"Port Everglades, FL",A,2007,305581.5600000001,369179.20000000007
"Port Hueneme, CA",P,2007,17534.620000000003,2687.69
"Port Manatee, FL",G,2007,4125.88,832.3100000000001
"Portland, ME",A,2007,404.95,437.0
"Portland, OR",P,2007,106286.51,102632.19
"Portsmouth, NH",A,2007,1.09,142.78
"Salem, NJ",A,2007,0.0,0.0
"San Diego, CA",P,2007,48137.05999999999,1461.78
"San Francisco, CA",P,2007,23.85,19.0
"San Juan, PR",PR,2007,148017.33000000002,49755.93
"Savannah, GA",A,2007,1079001.7399999995,970100.07
"Seattle, WA",P,2007,784981.0200000001,505335.31
"Tacoma, WA",P,2007,722377.86,424784.0599999998
"Tampa, FL",G,2007,18866.870000000003,7818.670000000002
"Vancouver, WA",P,2007,316.13,60.0
"West Palm Beach, FL",A,2007,27214.31999999999,105642.32000000002
"Wilmington, DE",A,2007,141730.63000000003,43839.060000000005
"Wilmington, NC",A,2007,84734.16999999998,65522.84999999999
"Aberdeen, WA",P,2008,0.0,0.0
"Anacortes, WA",P,2008,0.0,0.0
"Anchorage, AK",AK,2008,56.69,25369.709999999995
"Baltimore, MD",A,2008,262201.04,175252.20000000004
"Baton Rouge, LA",G,2008,0.0,0.0
"Beaufort-Morehead City, NC",A,2008,21.27,0.0
"Beaumont, TX",G,2008,287.81,2920.37
"Boston, MA",A,2008,92758.54999999997,56080.88
"Brunswick, GA",A,2008,1.55,0.0
"Camden, NJ",A,2008,1062.0,3485.3999999999996
"Charleston, SC",A,2008,693698.81,639608.0900000002
"Chester, PA",A,2008,49649.52000000001,52324.74
"Corpus Christi, TX",G,2008,243.01,2.0
"Everett, WA",P,2008,1538.24,3779.24
"Fernandina Beach, FL",A,2008,1233.4199999999998,14865.789999999999
"Fort Pierce, FL",A,2008,3717.13,10453.11
"Freeport, TX",G,2008,31113.64,25087.05
"Galveston, TX",G,2008,5047.47,2670.9300000000003
"Gloucester City, NJ",A,2008,2572.86,0.0
"Gramercy, LA",G,2008,760.61,635.22
"Gulfport, MS",G,2008,106901.3,65702.88999999998
"Honolulu, HI",HI,2008,22298.81999999999,12733.01
"Houston, TX",G,2008,574348.21,800088.8099999999
"Jacksonville, FL",A,2008,49622.82999999999,96749.59999999996
"Kodiak, AK",AK,2008,0.0,0.0
"Lake Charles, LA",G,2008,22.990000000000002,870.31
"Long Beach, CA",P,2008,3132227.6599999988,1453416.57
"Longview, WA",P,2008,745.0400000000001,0.0
"Los Angeles, CA",P,2008,4048461.649999999,1632956.270000001
"Mayaguez, PR",PR,2008,12097.88,7944.89
"Miami, FL",A,2008,313018.51999999996,357531.61000000016
"Mobile, AL",G,2008,38194.219999999994,37116.090000000004
"New Orleans, LA",G,2008,82526.9,159405.0000000001
"New York, NY",A,2008,2567408.73,1435082.9399999992
"Newport News, VA",A,2008,13216.68,10429.48
"Norfolk, VA",A,2008,811381.7999999997,783293.5500000002
"Oakland, CA",P,2008,726050.6699999998,655669.1099999999
"Panama City, FL",G,2008,18815.460000000003,18632.679999999997
"Pensacola, FL",G,2008,230.64,0.0
"Pensauken, NJ",A,2008,0.0,450.46000000000004
"Philadelphia, PA",A,2008,159885.08,59769.22999999999
"Ponce, PR",PR,2008,17.91,0.0
"Port Angeles, WA",P,2008,0.0,0.0
"Port Arthur, TX",G,2008,32.91,0.0
"Port Canaveral, FL",A,2008,249.56,111.25999999999999
"Port Everglades, FL",A,2008,281706.57999999996,389908.88
"Port Hueneme, CA",P,2008,16363.55,4621.62
"Port Manatee, FL",G,2008,4661.7,876.84
"Portland, ME",A,2008,6.0,0.0
"Portland, OR",P,2008,96843.94,101722.39000000001
"Portsmouth, NH",A,2008,4.69,0.0
"Salem, NJ",A,2008,0.0,0.0
"San Diego, CA",P,2008,46281.46,1955.84
"San Francisco, CA",P,2008,35.48,408.42999999999995
"San Juan, PR",PR,2008,155794.79999999996,57501.03
"Savannah, GA",A,2008,1088446.46,1032266.8499999999
"Seattle, WA",P,2008,658652.58,425136.27000000014
"Tacoma, WA",P,2008,651243.86,475754.80000000016
"Tampa, FL",G,2008,19599.55,11480.400000000001
"Vancouver, WA",P,2008,12.14,52.0
"West Palm Beach, FL",A,2008,30650.26,99988.80000000002
"Wilmington, DE",A,2008,134083.11,48796.920000000006
"Wilmington, NC",A,2008,88990.65000000001,59154.48000000001
"Aberdeen, WA",P,2009,2.0,2.0
"Anacortes, WA",P,2009,0.0,0.0
"Anchorage, AK",AK,2009,109.0,24920.460000000003
"Baltimore, MD",A,2009,228554.56000000008,177076.8400000001
"Baton Rouge, LA",G,2009,67.03999999999999,0.0
"Beaufort-Morehead City, NC",A,2009,0.0,0.0
"Beaumont, TX",G,2009,382.0,0.0
"Boston, MA",A,2009,83727.61000000003,64446.93999999997
"Brunswick, GA",A,2009,6.0,2.0
"Camden, NJ",A,2009,1822.95,9752.7
"Charleston, SC",A,2009,499557.63999999996,455277.63000000006
"Chester, PA",A,2009,34658.36,28999.54
"Corpus Christi, TX",G,2009,195.0,9.29
"Everett, WA",P,2009,2728.63,2265.06
"Fernandina Beach, FL",A,2009,769.0000000000001,11838.209999999997
"Fort Pierce, FL",A,2009,4247.53,8470.05
"Freeport, TX",G,2009,35370.16,22318.560000000005
"Galveston, TX",G,2009,6015.97,2526.32
"Gloucester City, NJ",A,2009,853.63,1.0
"Gramercy, LA",G,2009,475.28,143.56
"Gulfport, MS",G,2009,100172.28,58461.61
"Honolulu, HI",HI,2009,17940.520000000004,12452.73
"Houston, TX",G,2009,481703.2200000001,773449.8900000001
"Jacksonville, FL",A,2009,76410.18999999997,107143.84000000003
"Kodiak, AK",AK,2009,0.0,104.78999999999999
"Lake Charles, LA",G,2009,152.10000000000002,1060.67
"Long Beach, CA",P,2009,2499560.980000001,1233108.7399999995
"Longview, WA",P,2009,96.67,12.25
"Los Angeles, CA",P,2009,3506696.429999999,1517436.9299999997
"Mayaguez, PR",PR,2009,5581.38,3129.15
"Miami, FL",A,2009,287082.55999999994,339306.2500000003
"Mobile, AL",G,2009,34838.01999999999,52706.70000000002
"New Orleans, LA",G,2009,74843.32000000002,155595.77
"New York, NY",A,2009,2288443.349999999,1246388.3199999994
"Newport News, VA",A,2009,77.08,230.69
"Norfolk, VA",A,2009,677798.3699999998,698141.4400000001
"Oakland, CA",P,2009,640796.2799999999,740239.8599999995
"Panama City, FL",G,2009,16305.55,14835.490000000002
"Pensacola, FL",G,2009,0.0,0.0
"Pensauken, NJ",A,2009,0.0,238.43
"Philadelphia, PA",A,2009,143752.19999999998,36288.12000000001
"Ponce, PR",PR,2009,26.92,0.0
"Port Angeles, WA",P,2009,0.0,28.25
"Port Arthur, TX",G,2009,303.14,3.0
"Port Canaveral, FL",A,2009,139.35,0.04
"Port Everglades, FL",A,2009,220056.90999999992,313707.88
"Port Hueneme, CA",P,2009,15926.41,3459.12
"Port Manatee, FL",G,2009,13648.69,2651.0499999999997
"Portland, ME",A,2009,0.0,0.0
"Portland, OR",P,2009,68807.15999999999,86437.93999999999
"Portsmouth, NH",A,2009,9.3,0.0
"Salem, NJ",A,2009,0.0,0.0
"San Diego, CA",P,2009,47943.02,1315.01
"San Francisco, CA",P,2009,8.709999999999999,0.0
"San Juan, PR",PR,2009,153130.08,60047.009999999995
"Savannah, GA",A,2009,913236.5899999997,1001265.6600000001
"Seattle, WA",P,2009,622044.2199999999,450683.31000000006
"Tacoma, WA",P,2009,457963.2000000001,413449.8599999999
"Tampa, FL",G,2009,19016.03,19689.859999999993
"Vancouver, WA",P,2009,101.34,53.0
"West Palm Beach, FL",A,2009,26037.349999999988,83884.98000000001
"Wilmington, DE",A,2009,129152.36999999998,34530.98000000001
"Wilmington, NC",A,2009,96825.46,88132.24999999999
"Aberdeen, WA",P,2010,0.0,29.65
"Anacortes, WA",P,2010,0.0,0.0
"Anchorage, AK",AK,2010,34.019999999999996,27268.83
"Baltimore, MD",A,2010,280093.09,167602.37000000002
"Baton Rouge, LA",G,2010,390.06,0.0
"Beaufort-Morehead City, NC",A,2010,26.0,0.0
"Beaumont, TX",G,2010,472.41,51.0
"Boston, MA",A,2010,79871.60000000005,43845.8
"Brunswick, GA",A,2010,83.75,152.0
"Camden, NJ",A,2010,50.88,8067.379999999999
"Charleston, SC",A,2010,548276.09,520748.4399999999
"Chester, PA",A,2010,45767.880000000005,37188.55
"Corpus Christi, TX",G,2010,241.45,27.869999999999997
"Everett, WA",P,2010,2610.26,2938.84
"Fernandina Beach, FL",A,2010,682.91,14699.000000000004
"Fort Pierce, FL",A,2010,3061.5400000000004,8695.16
"Freeport, TX",G,2010,31601.469999999998,25648.170000000002
"Galveston, TX",G,2010,8037.13,2790.46
"Gloucester City, NJ",A,2010,5249.47,1262.56
"Gramercy, LA",G,2010,655.61,151.13
"Gulfport, MS",G,2010,104849.51000000001,76485.40999999999
"Honolulu, HI",HI,2010,18023.729999999992,11252.56
"Houston, TX",G,2010,519246.6999999999,827066.4900000003
"Jacksonville, FL",A,2010,92617.32999999999,145810.00000000003
"Kodiak, AK",AK,2010,0.0,0.0
"Lake Charles, LA",G,2010,542.36,1781.9900000000002
"Long Beach, CA",P,2010,3050893.350000001,1385405.7799999998
"Longview, WA",P,2010,233.44,0.0
"Los Angeles, CA",P,2010,3880571.830000001,1681092.65
"Mayaguez, PR",PR,2010,6163.17,4813.76
"Miami, FL",A,2010,308155.61,374106.6299999998
"Mobile, AL",G,2010,35152.37000000001,47477.1
"New Orleans, LA",G,2010,78433.17000000001,202565.05999999994
"New York, NY",A,2010,2623860.879999997,1420262.8100000003
"Newport News, VA",A,2010,21.0,0.0
"Norfolk, VA",A,2010,721369.3399999996,713840.3100000002
"Oakland, CA",P,2010,739322.8599999996,765875.7699999996
"Panama City, FL",G,2010,14555.95,14467.420000000002
"Pensacola, FL",G,2010,0.0,0.0
"Pensauken, NJ",A,2010,157.69,217.75
"Philadelphia, PA",A,2010,143602.9999999999,42318.390000000014
"Ponce, PR",PR,2010,4.970000000000001,0.0
"Port Angeles, WA",P,2010,6.0,0.0
"Port Arthur, TX",G,2010,188.86,2.0
"Port Canaveral, FL",A,2010,176.0,0.0
"Port Everglades, FL",A,2010,242344.72000000006,330728.51999999996
"Port Hueneme, CA",P,2010,18272.41,6173.110000000001
"Port Manatee, FL",G,2010,11706.64,3276.3199999999997
"Portland, ME",A,2010,0.0,0.0
"Portland, OR",P,2010,68806.15000000001,61444.69
"Portsmouth, NH",A,2010,27.58,0.0
"Salem, NJ",A,2010,0.0,0.0
"San Diego, CA",P,2010,49930.52999999999,1408.78
"San Francisco, CA",P,2010,19.3,1.0
"San Juan, PR",PR,2010,153247.7799999999,65042.22999999999
"Savannah, GA",A,2010,1055072.3600000003,1115149.93
"Seattle, WA",P,2010,888102.6000000002,528808.7099999998
"Tacoma, WA",P,2010,495600.13999999984,339796.85
"Tampa, FL",G,2010,23081.66,8040.760000000001
"Vancouver, WA",P,2010,569.46,769.14
"West Palm Beach, FL",A,2010,23509.950000000004,86641.38
"Wilmington, DE",A,2010,132496.21000000002,23961.27
"Wilmington, NC",A,2010,115006.29000000004,91295.10999999999
"Aberdeen, WA",P,2011,2.42,86.8
"Anacortes, WA",P,2011,0.04,25.04
"Anchorage, AK",AK,2011,216.95999999999998,37886.13
"Baltimore, MD",A,2011,304500.76000000007,167822.75
"Baton Rouge, LA",G,2011,144.52,436.22999999999996
"Beaufort-Morehead City, NC",A,2011,36.17,0.0
"Beaumont, TX",G,2011,387.2,6.01
"Boston, MA",A,2011,97357.30999999997,51533.280000000006
"Brunswick, GA",A,2011,115.9,79.18
"Camden, NJ",A,2011,55.42,2785.84
"Charleston, SC",A,2011,601878.5600000002,545290.8400000001
"Chester, PA",A,2011,46903.87,35241.99999999999
"Corpus Christi, TX",G,2011,379.59000000000003,0.0
"Everett, WA",P,2011,4311.66,4652.17
"Fernandina Beach, FL",A,2011,711.27,8042.2699999999995
"Fort Pierce, FL",A,2011,3582.28,9400.83
"Freeport, TX",G,2011,29608.87,21923.82
"Galveston, TX",G,2011,11427.159999999998,2567.88
"Gloucester City, NJ",A,2011,6242.0,5307.64
"Gramercy, LA",G,2011,494.03999999999996,154.19
"Gulfport, MS",G,2011,107874.57,75201.32
"Honolulu, HI",HI,2011,17466.51,12502.19
"Houston, TX",G,2011,559315.6199999998,859111.6199999998
"Jacksonville, FL",A,2011,117009.13000000002,160375.91
"Kodiak, AK",AK,2011,0.0,495.07
"Lake Charles, LA",G,2011,664.91,656.11
"Long Beach, CA",P,2011,3023922.47,1294355.4600000002
"Longview, WA",P,2011,41.37,870.08
"Los Angeles, CA",P,2011,4057418.619999999,1953606.6000000003
"Mayaguez, PR",PR,2011,4745.31,1957.76
"Miami, FL",A,2011,345972.2899999999,387719.35000000003
"Mobile, AL",G,2011,54558.31999999999,53373.87
"New Orleans, LA",G,2011,86692.51000000001,220430.98999999993
"New York, NY",A,2011,2722780.8499999996,1541731.2999999996
"Newport News, VA",A,2011,80.52,589.92
"Norfolk, VA",A,2011,726910.1799999998,755703.2100000002
"Oakland, CA",P,2011,740123.3900000001,798861.1699999998
"Panama City, FL",G,2011,19259.82,14724.41
"Pensacola, FL",G,2011,0.0,68.09
"Pensauken, NJ",A,2011,0.0,1295.35
"Philadelphia, PA",A,2011,157076.61999999997,46353.38000000002
"Ponce, PR",PR,2011,0.03,0.0
"Port Angeles, WA",P,2011,0.0,37.0
"Port Arthur, TX",G,2011,70.37,4.0
"Port Canaveral, FL",A,2011,694.32,0.0
"Port Everglades, FL",A,2011,253884.81,363008.62000000005
"Port Hueneme, CA",P,2011,17590.48,4972.7
"Port Manatee, FL",G,2011,6105.349999999999,3808.73
"Portland, ME",A,2011,342.85,183.0
"Portland, OR",P,2011,74134.20000000001,79833.4
"Portsmouth, NH",A,2011,16.0,0.0
"Salem, NJ",A,2011,0.0,0.0
"San Diego, CA",P,2011,49574.43,2209.68
"San Francisco, CA",P,2011,168.30999999999997,0.0
"San Juan, PR",PR,2011,156029.13999999996,35972.22
"Savannah, GA",A,2011,1073115.0499999996,1212297.5099999998
"Seattle, WA",P,2011,772656.4799999997,591127.09
"Tacoma, WA",P,2011,519954.81,365810.8599999999
"Tampa, FL",G,2011,17580.690000000002,8255.57
"Vancouver, WA",P,2011,307.37,352.0
"West Palm Beach, FL",A,2011,22886.74999999999,81326.31000000001
"Wilmington, DE",A,2011,141328.65,21061.68
"Wilmington, NC",A,2011,119525.62,108336.84000000001
"Aberdeen, WA",P,2012,75.31,3.0
"Anacortes, WA",P,2012,0.0,0.0
"Anchorage, AK",AK,2012,298.98,35073.0
"Baltimore, MD",A,2012,319662.32999999996,195602.29999999993
"Baton Rouge, LA",G,2012,3.0,0.0
"Beaufort-Morehead City, NC",A,2012,7.81,4.0
"Beaumont, TX",G,2012,1100.46,40.0
"Boston, MA",A,2012,95242.79999999999,57602.34999999999
"Brunswick, GA",A,2012,55.29,1362.7900000000002
"Camden, NJ",A,2012,36.0,1935.22
"Charleston, SC",A,2012,649376.87,567087.7700000001
"Chester, PA",A,2012,27587.789999999997,38125.82
"Corpus Christi, TX",G,2012,1050.8600000000001,17.0
"Everett, WA",P,2012,676.61,2701.6099999999997
"Fernandina Beach, FL",A,2012,307.35,5154.920000000001
"Fort Pierce, FL",A,2012,2149.6,4964.53
"Freeport, TX",G,2012,34235.20000000001,26582.55
"Galveston, TX",G,2012,8517.239999999998,4091.5800000000004
"Gloucester City, NJ",A,2012,3425.6,4407.05
"Gramercy, LA",G,2012,251.15,111.58
"Gulfport, MS",G,2012,103029.59000000001,73218.35999999999
"Honolulu, HI",HI,2012,18155.350000000006,7711.34
"Houston, TX",G,2012,618890.7699999999,875625.2300000002
"Jacksonville, FL",A,2012,127402.63000000002,153715.16
"Kodiak, AK",AK,2012,0.0,980.0
"Lake Charles, LA",G,2012,671.93,1078.52
"Long Beach, CA",P,2012,3046363.399999999,1284118.9399999992
"Longview, WA",P,2012,17.03,396.0
"Los Angeles, CA",P,2012,4068234.8800000027,1870219.48
"Mayaguez, PR",PR,2012,4560.72,0.0
"Miami, FL",A,2012,354701.8900000001,366142.64
"Mobile, AL",G,2012,59743.170000000006,92394.25000000001
"New Orleans, LA",G,2012,80051.57,219817.0400000001
"New York, NY",A,2012,2777360.04,1469408.5599999994
"Newport News, VA",A,2012,213.43,0.0
"Norfolk, VA",A,2012,817486.37,829063.3600000002
"Oakland, CA",P,2012,748807.2799999997,792776.73
"Panama City, FL",G,2012,18698.589999999997,15225.88
"Pensacola, FL",G,2012,0.0,370.88
"Pensauken, NJ",A,2012,0.0,724.21
"Philadelphia, PA",A,2012,185695.1999999999,47483.27
"Ponce, PR",PR,2012,72.4,0.0
"Port Angeles, WA",P,2012,2.0,0.0
"Port Arthur, TX",G,2012,311.53000000000003,31.68
"Port Canaveral, FL",A,2012,481.27000000000004,12.7
"Port Everglades, FL",A,2012,266278.41000000003,378530.7099999998
"Port Hueneme, CA",P,2012,47685.79000000001,5602.089999999999
"Port Manatee, FL",G,2012,7991.69,3570.21
"Portland, ME",A,2012,206.04000000000002,57.0
"Portland, OR",P,2012,62643.77,89639.01999999997
"Portsmouth, NH",A,2012,90.22,0.0
"Salem, NJ",A,2012,0.0,0.0
"San Diego, CA",P,2012,51861.490000000005,1767.8100000000002
"San Francisco, CA",P,2012,460.7899999999999,217.69000000000003
"San Juan, PR",PR,2012,159610.42999999993,14963.67
"Savannah, GA",A,2012,1076004.8399999996,1212019.56
"Seattle, WA",P,2012,726430.3600000001,513827.41
"Tacoma, WA",P,2012,649103.94,442634.18000000005
"Tampa, FL",G,2012,18587.030000000002,10279.61
"Vancouver, WA",P,2012,181.17000000000002,159.25
"West Palm Beach, FL",A,2012,26212.47000000001,91385.63999999998
"Wilmington, DE",A,2012,160158.90000000002,33829.810000000005
"Wilmington, NC",A,2012,111438.18,91577.24000000003
"Aberdeen, WA",P,2013,63.87,469.0
"Anacortes, WA",P,2013,1.0,0.0
"Anchorage, AK",AK,2013,465.33,9466.66
"Baltimore, MD",A,2013,334413.76,201679.08
"Baton Rouge, LA",G,2013,96.51,0.0
"Beaufort-Morehead City, NC",A,2013,0.0,0.0
"Beaumont, TX",G,2013,133.51,0.0
"Boston, MA",A,2013,96953.99,64461.19
"Brunswick, GA",A,2013,72.0,209.04
"Camden, NJ",A,2013,0.0,0.0
"Charleston, SC",A,2013,665972.27,625625.44
"Chester, PA",A,2013,41901.08,25093.18
"Corpus Christi, TX",G,2013,7.35,4.73
"Everett, WA",P,2013,1824.04,524.13
"Fernandina Beach, FL",A,2013,343.61,3472.41
"Fort Pierce, FL",A,2013,39.2,0.0
"Freeport, TX",G,2013,46986.19,26694.72
"Galveston, TX",G,2013,13999.12,5380.98
"Gloucester City, NJ",A,2013,10473.03,3269.52
"Gramercy, LA",G,2013,1.0,0.0
"Gulfport, MS",G,2013,96999.46,74305.2
"Honolulu, HI",HI,2013,20242.78,39747.55
"Houston, TX",G,2013,654790.23,916987.66
"Jacksonville, FL",A,2013,240449.81,512909.59
"Kodiak, AK",AK,2013,0.0,1034.76
"Lake Charles, LA",G,2013,8.31,755.22
"Long Beach, CA",P,2013,3444680.24,1518246.46
"Longview, WA",P,2013,3.0,3213.64
"Los Angeles, CA",P,2013,3924611.94,1736914.18
"Mayaguez, PR",PR,2013,3024.04,0.0
"Miami, FL",A,2013,351724.09,359663.43
"Mobile, AL",G,2013,68721.14,101323.78
"New Orleans, LA",G,2013,81003.63,220039.98
"New York, NY",A,2013,2787511.41,1409510.02
"Newport News, VA",A,2013,494.24,0.0
"Norfolk, VA",A,2013,900291.9,933952.89
"Oakland, CA",P,2013,771920.69,835672.97
"Panama City, FL",G,2013,17686.38,18158.07
"Pensacola, FL",G,2013,53.25,37.15
"Pensauken, NJ",A,2013,15215.65,37647.71
"Philadelphia, PA",A,2013,186504.29,94217.1
"Ponce, PR",PR,2013,137.8,0.0
"Port Angeles, WA",P,2013,14.51,73.25
"Port Arthur, TX",G,2013,69.36,0.0
"Port Canaveral, FL",A,2013,125.46,0.0
"Port Everglades, FL",A,2013,308955.01,386075.85
"Port Hueneme, CA",P,2013,49360.93,4404.91
"Port Manatee, FL",G,2013,6387.5,4195.11
"Portland, ME",A,2013,2998.13,0.0
"Portland, OR",P,2013,72854.2,71282.58
"Portsmouth, NH",A,2013,39.28,0.0
"Salem, NJ",A,2013,0.0,0.0
"San Diego, CA",P,2013,48438.41,2214.74
"San Francisco, CA",P,2013,92.82,0.0
"San Juan, PR",PR,2013,162381.0,22341.7
"Savannah, GA",A,2013,1145521.45,1217651.35
"Seattle, WA",P,2013,544964.15,454134.25
"Tacoma, WA",P,2013,733072.17,530147.05
"Tampa, FL",G,2013,19870.82,10444.66
"Vancouver, WA",P,2013,779.27,234.75
"West Palm Beach, FL",A,2013,29170.71,123619.39
"Wilmington, DE",A,2013,166822.71,26990.75
"Wilmington, NC",A,2013,106492.13,113889.62
"Aberdeen, WA",P,2014,7.0,9.5
"Anacortes, WA",P,2014,0.0,138.75
"Anchorage, AK",AK,2014,995.29,412.0
"Baltimore, MD",A,2014,349343.71,188957.34
"Baton Rouge, LA",G,2014,4.0,4.0
"Beaufort-Morehead City, NC",A,2014,73.5,0.0
"Beaumont, TX",G,2014,8.74,49.75
"Boston, MA",A,2014,105306.01,74194.89
"Brunswick, GA",A,2014,311.48,693.71
"Camden, NJ",A,2014,167.74,0.0
"Charleston, SC",A,2014,742906.27,682501.42
"Chester, PA",A,2014,58049.66,35167.85
"Corpus Christi, TX",G,2014,0.0,0.0
"Everett, WA",P,2014,1507.17,659.75
"Fernandina Beach, FL",A,2014,460.5,3125.52
"Fort Pierce, FL",A,2014,1.0,0.0
"Freeport, TX",G,2014,35701.66,25158.93
"Galveston, TX",G,2014,14149.08,6062.58
"Gloucester City, NJ",A,2014,24218.55,1828.69
"Gramercy, LA",G,2014,0.0,0.0
"Gulfport, MS",G,2014,87420.14,61801.57
"Honolulu, HI",HI,2014,23313.47,38182.19
"Houston, TX",G,2014,752896.74,879451.78
"Jacksonville, FL",A,2014,262829.06,496680.13
"Kodiak, AK",AK,2014,0.0,290.0
"Lake Charles, LA",G,2014,1.75,1.0
"Long Beach, CA",P,2014,3538195.34,1396529.69
"Longview, WA",P,2014,0.0,338.0
"Los Angeles, CA",P,2014,4189035.2,1705126.69
"Mayaguez, PR",PR,2014,1003.56,0.0
"Miami, FL",A,2014,344066.04,330844.33
"Mobile, AL",G,2014,70087.3,103357.16
"New Orleans, LA",G,2014,92826.13,237631.6
"New York, NY",A,2014,2922713.91,1354110.41
"Newport News, VA",A,2014,1201.19,2872.5
"Norfolk, VA",A,2014,981188.98,950356.95
"Oakland, CA",P,2014,824441.17,784521.77
"Panama City, FL",G,2014,16281.68,10402.3
"Pensacola, FL",G,2014,24.07,0.0
"Pensauken, NJ",A,2014,13889.95,33399.21
"Philadelphia, PA",A,2014,189732.25,101124.75
"Ponce, PR",PR,2014,2.0,0.0
"Port Angeles, WA",P,2014,12.25,106.0
"Port Arthur, TX",G,2014,206.0,0.0
"Port Canaveral, FL",A,2014,11.0,0.0
"Port Everglades, FL",A,2014,334607.87,421993.66
"Port Hueneme, CA",P,2014,47290.96,6880.06
"Port Manatee, FL",G,2014,8908.03,3134.84
"Portland, ME",A,2014,5218.4,0.0
"Portland, OR",P,2014,73889.46,56871.02
"Portsmouth, NH",A,2014,1.75,0.0
"Salem, NJ",A,2014,0.0,0.0
"San Diego, CA",P,2014,53060.0,2417.54
"San Francisco, CA",P,2014,4.0,1610.97
"San Juan, PR",PR,2014,151494.02,21267.33
"Savannah, GA",A,2014,1346023.96,1251902.18
"Seattle, WA",P,2014,424558.68,357449.82
"Tacoma, WA",P,2014,817696.91,518794.14
"Tampa, FL",G,2014,24050.66,13670.21
"Vancouver, WA",P,2014,1159.59,462.26
"West Palm Beach, FL",A,2014,39264.88,125601.75
"Wilmington, DE",A,2014,170595.34,24250.01
"Wilmington, NC",A,2014,114021.06,117023.93
"Aberdeen, WA",P,2015,0.0,0.0
"Anacortes, WA",P,2015,0.0,0.0
"Anchorage, AK",AK,2015,1527.77,616.0
"Baltimore, MD",A,2015,387313.0,203439.4
"Baton Rouge, LA",G,2015,1.75,0.0
"Beaufort-Morehead City, NC",A,2015,0.0,0.0
"Beaumont, TX",G,2015,1.75,272.63
"Boston, MA",A,2015,114834.12,75518.1
"Brunswick, GA",A,2015,380.37,1099.33
"Camden, NJ",A,2015,0.0,0.0
"Charleston, SC",A,2015,831750.15,721828.03
"Chester, PA",A,2015,65219.36,32999.92
"Corpus Christi, TX",G,2015,91.99,87.0
"Everett, WA",P,2015,3914.62,1029.01
"Fernandina Beach, FL",A,2015,154.75,3034.5
"Fort Pierce, FL",A,2015,0.0,0.0
"Freeport, TX",G,2015,32896.78,38760.22
"Galveston, TX",G,2015,17487.31,4640.46
"Gloucester City, NJ",A,2015,30718.52,4348.0
"Gramercy, LA",G,2015,0.0,0.0
"Gulfport, MS",G,2015,65944.6,49230.86
"Honolulu, HI",HI,2015,22094.29,36140.66
"Houston, TX",G,2015,842739.82,918112.18
"Jacksonville, FL",A,2015,270324.82,486321.41
"Kodiak, AK",AK,2015,0.0,1418.0
"Lake Charles, LA",G,2015,3.5,38.0
"Long Beach, CA",P,2015,3620576.82,1286251.62
"Longview, WA",P,2015,0.0,299.25
"Los Angeles, CA",P,2015,3980831.76,1493035.19
"Mayaguez, PR",PR,2015,0.0,0.0
"Miami, FL",A,2015,408253.12,363235.41
"Mobile, AL",G,2015,81911.81,100544.56
"New Orleans, LA",G,2015,114024.19,252105.67
"New York, NY",A,2015,3190552.15,1329646.45
"Newport News, VA",A,2015,1950.78,1873.79
"Norfolk, VA",A,2015,1042137.54,923240.14
"Oakland, CA",P,2015,814966.55,707928.26
"Panama City, FL",G,2015,14765.2,11321.45
"Pensacola, FL",G,2015,5.25,0.0
"Pensauken, NJ",A,2015,19415.0,47024.25
"Philadelphia, PA",A,2015,207310.9,70107.61
"Ponce, PR",PR,2015,0.0,0.0
"Port Angeles, WA",P,2015,11.0,0.0
"Port Arthur, TX",G,2015,0.0,0.0
"Port Canaveral, FL",A,2015,119.98,0.0
"Port Everglades, FL",A,2015,320321.87,415853.87
"Port Hueneme, CA",P,2015,44019.97,10193.97
"Port Manatee, FL",G,2015,17149.28,7452.15
"Portland, ME",A,2015,0.0,0.0
"Portland, OR",P,2015,7365.28,7703.5
"Portsmouth, NH",A,2015,0.0,0.0
"Salem, NJ",A,2015,0.0,0.0
"San Diego, CA",P,2015,57267.26,2907.24
"San Francisco, CA",P,2015,5.75,218.25
"San Juan, PR",PR,2015,166137.48,18295.75
"Savannah, GA",A,2015,1607782.57,1211913.42
"Seattle, WA",P,2015,474495.31,336384.15
"Tacoma, WA",P,2015,829352.98,505412.53
"Tampa, FL",G,2015,28054.59,10351.6
"Vancouver, WA",P,2015,1836.16,915.5
"West Palm Beach, FL",A,2015,29863.44,134164.42
"Wilmington, DE",A,2015,164911.64,29617.53
"Wilmington, NC",A,2015,124698.45,107419.82
"Aberdeen, WA",P,2016,1.75,0.0
"Anacortes, WA",P,2016,0.0,0.0
"Anchorage, AK",AK,2016,1703.76,1854.99
"Baltimore, MD",A,2016,423628.8,226171.32
"Baton Rouge, LA",G,2016,0.0,0.0
"Beaufort-Morehead City, NC",A,2016,0.0,0.0
"Beaumont, TX",G,2016,374.5,4.0
"Boston, MA",A,2016,121039.85,84329.85
"Brunswick, GA",A,2016,101.8,71.5
"Camden, NJ",A,2016,0.0,0.0
"Charleston, SC",A,2016,885264.1,728164.72
"Chester, PA",A,2016,75994.3,35941.45
"Corpus Christi, TX",G,2016,3.5,0.0
"Everett, WA",P,2016,1228.08,548.26
"Fernandina Beach, FL",A,2016,101.0,3607.7
"Fort Pierce, FL",A,2016,0.0,0.0
"Freeport, TX",G,2016,31096.13,35620.71
"Galveston, TX",G,2016,17570.24,5909.32
"Gloucester City, NJ",A,2016,31377.13,3309.64
"Gramercy, LA",G,2016,0.0,0.0
"Gulfport, MS",G,2016,79435.5,45530.95
"Honolulu, HI",HI,2016,22495.26,39180.57
"Houston, TX",G,2016,894429.22,916451.14
"Jacksonville, FL",A,2016,296607.54,476200.38
"Kodiak, AK",AK,2016,0.0,1656.0
"Lake Charles, LA",G,2016,770.0,0.0
"Long Beach, CA",P,2016,3419435.24,1278046.12
"Longview, WA",P,2016,5.25,0.0
"Los Angeles, CA",P,2016,4494118.31,1627036.92
"Mayaguez, PR",PR,2016,0.0,0.0
"Miami, FL",A,2016,417746.9,361051.81
"Mobile, AL",G,2016,100574.37,117520.22
"New Orleans, LA",G,2016,111821.2,261289.13
"New York, NY",A,2016,3196616.66,1302420.04
"Newport News, VA",A,2016,2806.19,4209.53
"Norfolk, VA",A,2016,1155218.83,934108.1
"Oakland, CA",P,2016,856406.65,811059.52
"Panama City, FL",G,2016,13670.47,8581.75
"Pensacola, FL",G,2016,5.24,0.0
"Pensauken, NJ",A,2016,18080.95,45146.9
"Philadelphia, PA",A,2016,230100.15,69223.75
"Ponce, PR",PR,2016,0.0,0.0
"Port Angeles, WA",P,2016,0.0,0.0
"Port Arthur, TX",G,2016,145.25,0.0
"Port Canaveral, FL",A,2016,1871.51,1.75
"Port Everglades, FL",A,2016,337253.18,419466.05
"Port Hueneme, CA",P,2016,45585.13,11301.06
"Port Manatee, FL",G,2016,17460.37,6112.46
"Portland, ME",A,2016,7749.49,0.0
"Portland, OR",P,2016,193.28,1634.75
"Portsmouth, NH",A,2016,0.0,245.09
"Salem, NJ",A,2016,0.0,2296.17
"San Diego, CA",P,2016,69008.12,2306.76
"San Francisco, CA",P,2016,2.0,3.5
"San Juan, PR",PR,2016,168506.1,30106.01
"Savannah, GA",A,2016,1664823.15,1225839.96
"Seattle, WA",P,2016,496483.96,340594.42
"Tacoma, WA",P,2016,912673.19,611081.35
"Tampa, FL",G,2016,26634.35,10255.69
"Vancouver, WA",P,2016,970.79,1158.75
"West Palm Beach, FL",A,2016,27979.59,130909.16
"Wilmington, DE",A,2016,172402.92,30956.01
"Wilmington, NC",A,2016,102608.41,104910.91
"Aberdeen, WA",P,2017,0.0,1.75
"Anacortes, WA",P,2017,0.0,0.0
"Anchorage, AK",AK,2017,1787.03,1721.0
"Baltimore, MD",A,2017,468100.25,234796.97
"Baton Rouge, LA",G,2017,0.0,0.0
"Beaufort-Morehead City, NC",A,2017,0.0,0.0
"Beaumont, TX",G,2017,10.5,0.0
"Boston, MA",A,2017,132399.38,78793.83
"Brunswick, GA",A,2017,0.0,684.87
"Camden, NJ",A,2017,0.0,0.0
"Charleston, SC",A,2017,946790.15,778993.52
"Chester, PA",A,2017,93469.75,35247.33
"Corpus Christi, TX",G,2017,237.99,4.0
"Everett, WA",P,2017,1106.17,0.0
"Fernandina Beach, FL",A,2017,328.27,3913.32
"Fort Pierce, FL",A,2017,0.0,0.0
"Freeport, TX",G,2017,31140.59,33848.46
"Galveston, TX",G,2017,15674.76,6339.36
"Gloucester City, NJ",A,2017,62186.44,939.94
"Gramercy, LA",G,2017,0.0,0.0
"Gulfport, MS",G,2017,90786.21,54691.23
"Honolulu, HI",HI,2017,21493.92,31990.05
"Houston, TX",G,2017,1071689.44,946564.22
"Jacksonville, FL",A,2017,322721.35,494520.91
"Kodiak, AK",AK,2017,0.0,1002.0
"Lake Charles, LA",G,2017,203.76,143.0
"Long Beach, CA",P,2017,3792165.13,1217324.94
"Longview, WA",P,2017,0.0,0.0
"Los Angeles, CA",P,2017,4590451.38,1598709.61
"Mayaguez, PR",PR,2017,0.0,0.0
"Miami, FL",A,2017,418402.34,349625.71
"Mobile, AL",G,2017,118097.04,132477.64
"New Orleans, LA",G,2017,109999.9,296438.87
"New York, NY",A,2017,3402439.97,1364838.82
"Newport News, VA",A,2017,1139.59,2032.51
"Norfolk, VA",A,2017,1233597.84,955886.86
"Oakland, CA",P,2017,879838.8,786260.85
"Panama City, FL",G,2017,14981.56,8735.57
"Pensacola, FL",G,2017,0.0,0.0
"Pensauken, NJ",A,2017,16817.22,44168.49
"Philadelphia, PA",A,2017,277469.86,85341.56
"Ponce, PR",PR,2017,36.75,1.0
"Port Angeles, WA",P,2017,36.78,0.0
"Port Arthur, TX",G,2017,91.99,0.0
"Port Canaveral, FL",A,2017,3887.8,4068.76
"Port Everglades, FL",A,2017,357424.8,434424.07
"Port Hueneme, CA",P,2017,57473.89,14615.53
"Port Manatee, FL",G,2017,25360.6,5899.25
"Portland, ME",A,2017,8126.87,0.0
"Portland, OR",P,2017,299.16,0.0
"Portsmouth, NH",A,2017,1.75,88.0
"Salem, NJ",A,2017,286.95,1393.88
"San Diego, CA",P,2017,62582.67,2760.18
"San Francisco, CA",P,2017,62.25,0.0
"San Juan, PR",PR,2017,181243.92,31339.09
"Savannah, GA",A,2017,1862999.96,1299898.3
"Seattle, WA",P,2017,595404.33,391747.09
"Tacoma, WA",P,2017,777146.9,501150.78
"Tampa, FL",G,2017,36131.48,8892.75
"Vancouver, WA",P,2017,914.34,0.0
"West Palm Beach, FL",A,2017,29075.9,135279.24
"Wilmington, DE",A,2017,172646.8,24441.8
"Wilmington, NC",A,2017,75614.11,103527.15
